tag,algo,repeat,fold,model__estimator__depth,model__estimator__iterations,model__estimator__l2_leaf_reg,model__estimator__learning_rate,model__n_features_to_select,model__estimator__class_weight,model__estimator__max_depth,model__estimator__max_features,model__estimator__min_samples_leaf,model__estimator__colsample_bytree,model__estimator__min_child_weight,model__estimator__n_estimators,model__estimator__reg_lambda,model__estimator__subsample,model__C,model__l1_ratio
L1,cat,0,0,2.0,60.0,2.5278215268078905,0.07291346963302432,9.0,,,,,,,,,,,
L1,cat,0,1,3.0,120.0,11.587950184865049,0.020006195614385044,9.0,,,,,,,,,,,
L1,cat,0,2,2.0,60.0,2.7461997819373067,0.043610392335080024,9.0,,,,,,,,,,,
L1,cat,0,3,3.0,120.0,4.670791035804465,0.035856527714077574,6.0,,,,,,,,,,,
L1,cat,0,4,2.0,60.0,7.632432490393674,0.02933626187182734,9.0,,,,,,,,,,,
L1,cat,1,0,2.0,120.0,1.0355062329206202,0.05313319546433562,6.0,,,,,,,,,,,
L1,cat,1,1,3.0,120.0,2.4633778191364275,0.0340106178985949,6.0,,,,,,,,,,,
L1,cat,1,2,2.0,60.0,4.142931488964905,0.028756137479717527,6.0,,,,,,,,,,,
L1,cat,1,3,2.0,60.0,3.1079698261427335,0.02159243546980919,9.0,,,,,,,,,,,
L1,cat,1,4,2.0,60.0,8.112751087539538,0.10352510820625224,6.0,,,,,,,,,,,
L1,cat,2,0,2.0,60.0,18.222438582838627,0.08402310138822174,9.0,,,,,,,,,,,
L1,cat,2,1,4.0,120.0,3.173559118917757,0.18301208473588085,9.0,,,,,,,,,,,
L1,cat,2,2,3.0,60.0,2.7486763372743397,0.0826359477194841,9.0,,,,,,,,,,,
L1,cat,2,3,2.0,120.0,4.551937669476322,0.05990982427279985,9.0,,,,,,,,,,,
L1,cat,2,4,4.0,120.0,6.790644416802788,0.02425192344262133,9.0,,,,,,,,,,,
L2,cat,0,0,3.0,60.0,4.429649570464296,0.22378781034469908,6.0,,,,,,,,,,,
L2,cat,0,1,2.0,120.0,4.518910031150273,0.03724206467838501,14.0,,,,,,,,,,,
L2,cat,0,2,2.0,60.0,1.2486366645947955,0.06375891573334211,14.0,,,,,,,,,,,
L2,cat,0,3,3.0,120.0,4.670791035804465,0.035856527714077574,14.0,,,,,,,,,,,
L2,cat,0,4,4.0,60.0,28.35319744112496,0.03116903980921786,12.0,,,,,,,,,,,
L2,cat,1,0,2.0,60.0,1.8587243116217973,0.14979599495348384,14.0,,,,,,,,,,,
L2,cat,1,1,3.0,120.0,2.4633778191364275,0.0340106178985949,6.0,,,,,,,,,,,
L2,cat,1,2,4.0,60.0,15.804472015901384,0.12406709601256628,12.0,,,,,,,,,,,
L2,cat,1,3,2.0,60.0,3.1079698261427335,0.02159243546980919,12.0,,,,,,,,,,,
L2,cat,1,4,2.0,120.0,5.409546093357345,0.028251603198587643,6.0,,,,,,,,,,,
L2,cat,2,0,4.0,60.0,6.8214613566864974,0.0750727224492485,6.0,,,,,,,,,,,
L2,cat,2,1,4.0,120.0,10.73290009995902,0.08399082612204084,14.0,,,,,,,,,,,
L2,cat,2,2,3.0,60.0,2.7486763372743397,0.0826359477194841,12.0,,,,,,,,,,,
L2,cat,2,3,2.0,60.0,4.168827361946422,0.022195548988474336,6.0,,,,,,,,,,,
L2,cat,2,4,4.0,120.0,6.790644416802788,0.02425192344262133,12.0,,,,,,,,,,,
L3,cat,0,0,2.0,120.0,23.29262676497442,0.024242359249562032,12.0,,,,,,,,,,,
L3,cat,0,1,4.0,60.0,4.134374308918324,0.09080300464196212,18.0,,,,,,,,,,,
L3,cat,0,2,2.0,120.0,3.0757043387142935,0.034810917126509924,12.0,,,,,,,,,,,
L3,cat,0,3,3.0,120.0,4.670791035804465,0.035856527714077574,18.0,,,,,,,,,,,
L3,cat,0,4,4.0,60.0,28.35319744112496,0.03116903980921786,12.0,,,,,,,,,,,
L3,cat,1,0,3.0,120.0,1.1485054278537548,0.058636350178176984,6.0,,,,,,,,,,,
L3,cat,1,1,2.0,60.0,4.381644531539583,0.1873069133792841,6.0,,,,,,,,,,,
L3,cat,1,2,2.0,60.0,4.142931488964905,0.028756137479717527,6.0,,,,,,,,,,,
L3,cat,1,3,3.0,120.0,4.404808835342941,0.020934888300215827,18.0,,,,,,,,,,,
L3,cat,1,4,2.0,60.0,7.884492511795633,0.026519026022720243,6.0,,,,,,,,,,,
L3,cat,2,0,4.0,60.0,6.8214613566864974,0.0750727224492485,6.0,,,,,,,,,,,
L3,cat,2,1,4.0,120.0,10.73290009995902,0.08399082612204084,18.0,,,,,,,,,,,
L3,cat,2,2,3.0,60.0,11.886166382495384,0.0517527749842827,6.0,,,,,,,,,,,
L3,cat,2,3,2.0,120.0,4.551937669476322,0.05990982427279985,12.0,,,,,,,,,,,
L3,cat,2,4,4.0,120.0,6.790644416802788,0.02425192344262133,12.0,,,,,,,,,,,
L4,cat,0,0,3.0,60.0,4.429649570464296,0.22378781034469908,6.0,,,,,,,,,,,
L4,cat,0,1,4.0,60.0,4.134374308918324,0.09080300464196212,18.0,,,,,,,,,,,
L4,cat,0,2,2.0,120.0,1.0921849507601296,0.08861010094922658,18.0,,,,,,,,,,,
L4,cat,0,3,3.0,120.0,4.670791035804465,0.035856527714077574,18.0,,,,,,,,,,,
L4,cat,0,4,4.0,120.0,2.0854048865135795,0.2813311674165133,18.0,,,,,,,,,,,
L4,cat,1,0,2.0,60.0,1.8587243116217973,0.14979599495348384,18.0,,,,,,,,,,,
L4,cat,1,1,4.0,60.0,1.0715418698221368,0.1351281932831151,18.0,,,,,,,,,,,
L4,cat,1,2,2.0,60.0,4.142931488964905,0.028756137479717527,6.0,,,,,,,,,,,
L4,cat,1,3,2.0,60.0,2.6530004717597917,0.060833918075814154,18.0,,,,,,,,,,,
L4,cat,1,4,2.0,120.0,1.2774714590523426,0.23371016700144412,18.0,,,,,,,,,,,
L4,cat,2,0,4.0,60.0,6.8214613566864974,0.0750727224492485,6.0,,,,,,,,,,,
L4,cat,2,1,3.0,60.0,3.263488681282715,0.03760394967337601,12.0,,,,,,,,,,,
L4,cat,2,2,2.0,120.0,1.412961109537676,0.15023906310898796,18.0,,,,,,,,,,,
L4,cat,2,3,2.0,120.0,1.78236089691542,0.15098379647879331,18.0,,,,,,,,,,,
L4,cat,2,4,4.0,60.0,8.880515368933901,0.1881403699439609,18.0,,,,,,,,,,,
L5,cat,0,0,4.0,120.0,15.151446654565383,0.06978656783163392,18.0,,,,,,,,,,,
L5,cat,0,1,4.0,120.0,6.250253762274368,0.06223590366696547,18.0,,,,,,,,,,,
L5,cat,0,2,2.0,120.0,1.0921849507601296,0.08861010094922658,18.0,,,,,,,,,,,
L5,cat,0,3,3.0,120.0,4.670791035804465,0.035856527714077574,18.0,,,,,,,,,,,
L5,cat,0,4,4.0,120.0,2.0854048865135795,0.2813311674165133,18.0,,,,,,,,,,,
L5,cat,1,0,2.0,120.0,1.0355062329206202,0.05313319546433562,6.0,,,,,,,,,,,
L5,cat,1,1,4.0,60.0,5.261297233012685,0.242106020457864,18.0,,,,,,,,,,,
L5,cat,1,2,3.0,120.0,1.4415988048656083,0.03033202438647732,6.0,,,,,,,,,,,
L5,cat,1,3,3.0,120.0,4.404808835342941,0.020934888300215827,18.0,,,,,,,,,,,
L5,cat,1,4,2.0,120.0,2.5471913206124883,0.13538923194123734,6.0,,,,,,,,,,,
L5,cat,2,0,4.0,60.0,6.8214613566864974,0.0750727224492485,6.0,,,,,,,,,,,
L5,cat,2,1,3.0,60.0,3.263488681282715,0.03760394967337601,12.0,,,,,,,,,,,
L5,cat,2,2,3.0,120.0,11.506847638158005,0.048328859220661345,12.0,,,,,,,,,,,
L5,cat,2,3,3.0,60.0,1.897726338808745,0.27933812433636174,18.0,,,,,,,,,,,
L5,cat,2,4,4.0,120.0,15.426021080163201,0.07148044178215769,18.0,,,,,,,,,,,
L4r,cat,0,0,2.0,120.0,23.29262676497442,0.024242359249562032,12.0,,,,,,,,,,,
L4r,cat,0,1,2.0,60.0,15.233399158649279,0.2752922411234819,12.0,,,,,,,,,,,
L4r,cat,0,2,2.0,120.0,1.0921849507601296,0.08861010094922658,18.0,,,,,,,,,,,
L4r,cat,0,3,3.0,120.0,4.4217428747184275,0.021041629280343026,12.0,,,,,,,,,,,
L4r,cat,0,4,3.0,60.0,8.609209077893942,0.02028138574156088,18.0,,,,,,,,,,,
L4r,cat,1,0,2.0,60.0,1.3391207886672232,0.20281770664160428,12.0,,,,,,,,,,,
L4r,cat,1,1,2.0,60.0,4.381644531539583,0.1873069133792841,6.0,,,,,,,,,,,
L4r,cat,1,2,4.0,120.0,21.816586796722184,0.23711773247719345,18.0,,,,,,,,,,,
L4r,cat,1,3,3.0,60.0,5.481316603008301,0.0893562454296289,12.0,,,,,,,,,,,
L4r,cat,1,4,4.0,120.0,18.414004269672056,0.15100192463184714,18.0,,,,,,,,,,,
L4r,cat,2,0,4.0,60.0,6.8214613566864974,0.0750727224492485,6.0,,,,,,,,,,,
L4r,cat,2,1,3.0,60.0,3.263488681282715,0.03760394967337601,12.0,,,,,,,,,,,
L4r,cat,2,2,3.0,120.0,11.506847638158005,0.048328859220661345,12.0,,,,,,,,,,,
L4r,cat,2,3,3.0,120.0,13.151641852758221,0.2659396646649453,12.0,,,,,,,,,,,
L4r,cat,2,4,4.0,60.0,8.880515368933901,0.1881403699439609,18.0,,,,,,,,,,,
L1,rf,0,0,,,,,6.0,,,0.5,10.0,,,,,,,
L1,rf,0,1,,,,,9.0,balanced,4.0,sqrt,9.0,,,,,,,
L1,rf,0,2,,,,,9.0,,4.0,0.33,7.0,,,,,,,
L1,rf,0,3,,,,,9.0,balanced,3.0,0.33,12.0,,,,,,,
L1,rf,0,4,,,,,6.0,,2.0,0.33,4.0,,,,,,,
L1,rf,1,0,,,,,6.0,,6.0,sqrt,12.0,,,,,,,
L1,rf,1,1,,,,,6.0,balanced,,0.5,10.0,,,,,,,
L1,rf,1,2,,,,,6.0,,2.0,0.33,8.0,,,,,,,
L1,rf,1,3,,,,,9.0,balanced,3.0,0.33,6.0,,,,,,,
L1,rf,1,4,,,,,9.0,,6.0,0.33,5.0,,,,,,,
L1,rf,2,0,,,,,9.0,,2.0,sqrt,12.0,,,,,,,
L1,rf,2,1,,,,,9.0,balanced,4.0,0.33,2.0,,,,,,,
L1,rf,2,2,,,,,6.0,balanced,4.0,sqrt,11.0,,,,,,,
L1,rf,2,3,,,,,6.0,balanced,3.0,sqrt,4.0,,,,,,,
L1,rf,2,4,,,,,6.0,balanced,4.0,0.33,6.0,,,,,,,
L2,rf,0,0,,,,,6.0,,3.0,sqrt,5.0,,,,,,,
L2,rf,0,1,,,,,6.0,,4.0,sqrt,12.0,,,,,,,
L2,rf,0,2,,,,,6.0,,,0.33,10.0,,,,,,,
L2,rf,0,3,,,,,6.0,,2.0,0.33,5.0,,,,,,,
L2,rf,0,4,,,,,14.0,,3.0,sqrt,6.0,,,,,,,
L2,rf,1,0,,,,,12.0,,3.0,0.33,10.0,,,,,,,
L2,rf,1,1,,,,,6.0,,6.0,0.33,10.0,,,,,,,
L2,rf,1,2,,,,,14.0,,2.0,0.33,8.0,,,,,,,
L2,rf,1,3,,,,,14.0,balanced,2.0,sqrt,4.0,,,,,,,
L2,rf,1,4,,,,,14.0,,,0.33,10.0,,,,,,,
L2,rf,2,0,,,,,6.0,,3.0,0.33,6.0,,,,,,,
L2,rf,2,1,,,,,14.0,,2.0,0.33,2.0,,,,,,,
L2,rf,2,2,,,,,14.0,,3.0,0.5,10.0,,,,,,,
L2,rf,2,3,,,,,6.0,,3.0,0.33,5.0,,,,,,,
L2,rf,2,4,,,,,6.0,,,0.33,3.0,,,,,,,
L3,rf,0,0,,,,,12.0,,2.0,0.33,5.0,,,,,,,
L3,rf,0,1,,,,,12.0,balanced,4.0,sqrt,9.0,,,,,,,
L3,rf,0,2,,,,,18.0,,,sqrt,7.0,,,,,,,
L3,rf,0,3,,,,,6.0,,2.0,0.33,5.0,,,,,,,
L3,rf,0,4,,,,,12.0,,3.0,0.5,9.0,,,,,,,
L3,rf,1,0,,,,,12.0,,3.0,0.33,10.0,,,,,,,
L3,rf,1,1,,,,,18.0,balanced,3.0,0.33,11.0,,,,,,,
L3,rf,1,2,,,,,12.0,,,sqrt,12.0,,,,,,,
L3,rf,1,3,,,,,6.0,balanced,3.0,sqrt,9.0,,,,,,,
L3,rf,1,4,,,,,18.0,,,0.33,10.0,,,,,,,
L3,rf,2,0,,,,,18.0,,,0.5,9.0,,,,,,,
L3,rf,2,1,,,,,12.0,balanced,4.0,0.33,2.0,,,,,,,
L3,rf,2,2,,,,,12.0,balanced,,0.5,12.0,,,,,,,
L3,rf,2,3,,,,,18.0,balanced,,0.33,7.0,,,,,,,
L3,rf,2,4,,,,,18.0,,3.0,0.5,12.0,,,,,,,
L4,rf,0,0,,,,,18.0,,4.0,0.33,8.0,,,,,,,
L4,rf,0,1,,,,,18.0,balanced,,0.5,11.0,,,,,,,
L4,rf,0,2,,,,,6.0,,6.0,0.33,4.0,,,,,,,
L4,rf,0,3,,,,,18.0,,4.0,sqrt,3.0,,,,,,,
L4,rf,0,4,,,,,12.0,,3.0,0.5,9.0,,,,,,,
L4,rf,1,0,,,,,18.0,balanced,,sqrt,4.0,,,,,,,
L4,rf,1,1,,,,,6.0,,6.0,0.33,10.0,,,,,,,
L4,rf,1,2,,,,,6.0,balanced,3.0,0.5,10.0,,,,,,,
L4,rf,1,3,,,,,12.0,balanced,3.0,0.33,6.0,,,,,,,
L4,rf,1,4,,,,,6.0,,4.0,sqrt,3.0,,,,,,,
L4,rf,2,0,,,,,6.0,,3.0,0.33,6.0,,,,,,,
L4,rf,2,1,,,,,18.0,,,0.5,2.0,,,,,,,
L4,rf,2,2,,,,,12.0,balanced,,0.5,12.0,,,,,,,
L4,rf,2,3,,,,,6.0,balanced,3.0,sqrt,4.0,,,,,,,
L4,rf,2,4,,,,,12.0,balanced,4.0,0.5,2.0,,,,,,,
L5,rf,0,0,,,,,18.0,,4.0,0.33,8.0,,,,,,,
L5,rf,0,1,,,,,6.0,,4.0,sqrt,12.0,,,,,,,
L5,rf,0,2,,,,,18.0,,,sqrt,7.0,,,,,,,
L5,rf,0,3,,,,,18.0,,4.0,sqrt,3.0,,,,,,,
L5,rf,0,4,,,,,12.0,,3.0,0.5,9.0,,,,,,,
L5,rf,1,0,,,,,12.0,balanced,2.0,0.5,3.0,,,,,,,
L5,rf,1,1,,,,,18.0,balanced,3.0,0.33,11.0,,,,,,,
L5,rf,1,2,,,,,12.0,,,sqrt,12.0,,,,,,,
L5,rf,1,3,,,,,12.0,balanced,3.0,0.33,6.0,,,,,,,
L5,rf,1,4,,,,,6.0,,4.0,sqrt,3.0,,,,,,,
L5,rf,2,0,,,,,18.0,,,0.5,9.0,,,,,,,
L5,rf,2,1,,,,,12.0,balanced,4.0,0.33,2.0,,,,,,,
L5,rf,2,2,,,,,18.0,,,0.33,11.0,,,,,,,
L5,rf,2,3,,,,,12.0,,4.0,0.5,2.0,,,,,,,
L5,rf,2,4,,,,,12.0,balanced,4.0,0.5,2.0,,,,,,,
L4r,rf,0,0,,,,,6.0,,,0.5,10.0,,,,,,,
L4r,rf,0,1,,,,,6.0,,4.0,sqrt,12.0,,,,,,,
L4r,rf,0,2,,,,,18.0,balanced,4.0,0.33,7.0,,,,,,,
L4r,rf,0,3,,,,,18.0,,2.0,0.33,5.0,,,,,,,
L4r,rf,0,4,,,,,6.0,balanced,3.0,0.5,8.0,,,,,,,
L4r,rf,1,0,,,,,18.0,,,0.33,12.0,,,,,,,
L4r,rf,1,1,,,,,18.0,balanced,3.0,0.33,11.0,,,,,,,
L4r,rf,1,2,,,,,12.0,balanced,4.0,0.5,11.0,,,,,,,
L4r,rf,1,3,,,,,6.0,balanced,3.0,sqrt,9.0,,,,,,,
L4r,rf,1,4,,,,,6.0,balanced,2.0,sqrt,6.0,,,,,,,
L4r,rf,2,0,,,,,18.0,,2.0,sqrt,12.0,,,,,,,
L4r,rf,2,1,,,,,6.0,balanced,3.0,0.5,7.0,,,,,,,
L4r,rf,2,2,,,,,18.0,,2.0,0.5,3.0,,,,,,,
L4r,rf,2,3,,,,,18.0,,2.0,0.33,10.0,,,,,,,
L4r,rf,2,4,,,,,12.0,balanced,4.0,0.5,2.0,,,,,,,
L1,xgb,0,0,,,,0.02332005833974744,9.0,,1.0,,,0.6487673032722361,2.417917724332946,142.0,10.002602971711909,0.7919908689500229,,
L1,xgb,0,1,,,,0.08502556424958278,6.0,,1.0,,,0.6147886068649128,2.6139952999364033,145.0,2.4489219684476113,0.9756511157694503,,
L1,xgb,0,2,,,,0.07856597163211808,6.0,,2.0,,,0.7415349177758759,4.102321512964365,157.0,0.7769477606976705,0.6594259133957395,,
L1,xgb,0,3,,,,0.058922310650579755,9.0,,2.0,,,0.9044646018957752,1.2365651677021314,111.0,9.120383671583138,0.8854262988613986,,
L1,xgb,0,4,,,,0.20863498781716952,6.0,,4.0,,,0.5879306166170991,2.56120216433904,135.0,12.395190064436475,0.934102682833958,,
L1,xgb,1,0,,,,0.032212712624635244,6.0,,1.0,,,0.6721198387339504,6.946095087981958,82.0,8.641034251606408,0.9626602393154923,,
L1,xgb,1,1,,,,0.07743132943369542,9.0,,1.0,,,0.9131050098891782,2.25291803498023,79.0,10.156715452689486,0.9266823798178718,,
L1,xgb,1,2,,,,0.022607895655653215,6.0,,1.0,,,0.8462373261872919,2.6325660357022693,126.0,0.8710747717993838,0.7353342287462796,,
L1,xgb,1,3,,,,0.03544789629047813,9.0,,1.0,,,0.6804826647208595,2.594338347754144,48.0,2.437839285711044,0.8258170438825301,,
L1,xgb,1,4,,,,0.22954757274208115,9.0,,4.0,,,0.5352801898227157,2.2060923899346996,90.0,15.289209489106026,0.6822406904941329,,
L1,xgb,2,0,,,,0.09135836416083998,6.0,,4.0,,,0.563191573625079,2.8730953345315378,132.0,14.312466552262952,0.890799479107806,,
L1,xgb,2,1,,,,0.024905259937668896,9.0,,3.0,,,0.5835628214545507,1.559018628515234,120.0,4.938819278980657,0.7702407870103768,,
L1,xgb,2,2,,,,0.07756275017531788,6.0,,3.0,,,0.6475777999087737,1.0403356855754402,102.0,9.134738380499103,0.6383483728178364,,
L1,xgb,2,3,,,,0.06684811338425785,9.0,,3.0,,,0.7461451771988842,3.3775754082042995,151.0,11.37756740986386,0.6753448193589526,,
L1,xgb,2,4,,,,0.033391150730093036,6.0,,2.0,,,0.7751007873092031,2.044195411496171,139.0,7.1757048678998085,0.6477848558021985,,
L2,xgb,0,0,,,,0.1387260300054608,6.0,,4.0,,,0.7744067519636624,7.210171877207321,143.0,2.386109712430462,0.8583576452266624,,
L2,xgb,0,1,,,,0.13023887067710177,12.0,,2.0,,,0.7665826424865085,1.387139489318075,66.0,10.866517932072755,0.6073153109376767,,
L2,xgb,0,2,,,,0.1677474003446763,14.0,,3.0,,,0.5922199328234576,3.5172830560296924,107.0,0.6707595065187708,0.8020984360486816,,
L2,xgb,0,3,,,,0.13610574590229876,12.0,,1.0,,,0.7753989512872878,1.3222956864748283,61.0,13.474870319267795,0.9585172355733752,,
L2,xgb,0,4,,,,0.037160005521606275,6.0,,1.0,,,0.5178790917926408,3.345061293976066,134.0,1.6047491261477194,0.6964154411846551,,
L2,xgb,1,0,,,,0.032212712624635244,14.0,,1.0,,,0.6721198387339504,6.946095087981958,82.0,8.641034251606408,0.9626602393154923,,
L2,xgb,1,1,,,,0.09238764473385125,6.0,,2.0,,,0.8143863927313675,6.767820090310201,122.0,5.95413616100042,0.6879633212641241,,
L2,xgb,1,2,,,,0.022607895655653215,6.0,,1.0,,,0.8462373261872919,2.6325660357022693,126.0,0.8710747717993838,0.7353342287462796,,
L2,xgb,1,3,,,,0.09778236806309978,12.0,,4.0,,,0.6933681382612642,8.022396370249842,73.0,1.6195778737406015,0.7781015089039718,,
L2,xgb,1,4,,,,0.20339828658487882,12.0,,4.0,,,0.5194758192430791,1.9288430967066,54.0,3.9454688272164176,0.6321932294216771,,
L2,xgb,2,0,,,,0.09135836416083998,14.0,,4.0,,,0.563191573625079,2.8730953345315378,132.0,14.312466552262952,0.890799479107806,,
L2,xgb,2,1,,,,0.05397414831244243,12.0,,1.0,,,0.6210173108538988,2.1168753474795325,112.0,1.0971910522113126,0.9429492539384132,,
L2,xgb,2,2,,,,0.037211879558786784,12.0,,4.0,,,0.7264058503165017,1.3188272393741787,158.0,5.895818714549526,0.692841899135128,,
L2,xgb,2,3,,,,0.06232871052797461,6.0,,2.0,,,0.8141261641355877,6.184463925476285,157.0,7.9174561816477524,0.782648515348514,,
L2,xgb,2,4,,,,0.033391150730093036,14.0,,2.0,,,0.7751007873092031,2.044195411496171,139.0,7.1757048678998085,0.6477848558021985,,
L3,xgb,0,0,,,,0.15603829650828724,6.0,,3.0,,,0.7686866147245053,2.598136355466342,75.0,0.9942270999713079,0.8947672708515833,,
L3,xgb,0,1,,,,0.08502556424958278,18.0,,1.0,,,0.6147886068649128,2.6139952999364033,145.0,2.4489219684476113,0.9756511157694503,,
L3,xgb,0,2,,,,0.1677474003446763,18.0,,3.0,,,0.5922199328234576,3.5172830560296924,107.0,0.6707595065187708,0.8020984360486816,,
L3,xgb,0,3,,,,0.03913535297780827,18.0,,3.0,,,0.5203153685005116,2.759369398542878,84.0,0.8547944546726949,0.7812689204488517,,
L3,xgb,0,4,,,,0.03967896549498145,6.0,,1.0,,,0.5031151276022949,4.294999369292593,84.0,1.0367483509193451,0.9451972942396889,,
L3,xgb,1,0,,,,0.07269868532961692,12.0,,2.0,,,0.8292811066991898,2.185937213742496,92.0,4.100778511936923,0.9318357379290637,,
L3,xgb,1,1,,,,0.023622355539294954,6.0,,4.0,,,0.7088732258522699,4.968470983175984,153.0,2.033944594360555,0.7576766283970021,,
L3,xgb,1,2,,,,0.06972551830903656,12.0,,1.0,,,0.564494144330935,1.4249193275509136,100.0,0.9823268120411601,0.767165085336826,,
L3,xgb,1,3,,,,0.13248377266417108,6.0,,2.0,,,0.814313883472467,9.857488367425855,71.0,10.80708478961479,0.894986019386989,,
L3,xgb,1,4,,,,0.20339828658487882,12.0,,4.0,,,0.5194758192430791,1.9288430967066,54.0,3.9454688272164176,0.6321932294216771,,
L3,xgb,2,0,,,,0.05286975801314032,6.0,,3.0,,,0.8470769365056284,1.4192917510646772,81.0,0.7519030561803105,0.8110227045161945,,
L3,xgb,2,1,,,,0.05397414831244243,12.0,,1.0,,,0.6210173108538988,2.1168753474795325,112.0,1.0971910522113126,0.9429492539384132,,
L3,xgb,2,2,,,,0.044736539165265383,18.0,,1.0,,,0.8272568691325443,5.2895848122455105,127.0,6.012105207172595,0.6406548096102296,,
L3,xgb,2,3,,,,0.06684811338425785,12.0,,3.0,,,0.7461451771988842,3.3775754082042995,151.0,11.37756740986386,0.6753448193589526,,
L3,xgb,2,4,,,,0.033391150730093036,18.0,,2.0,,,0.7751007873092031,2.044195411496171,139.0,7.1757048678998085,0.6477848558021985,,
L4,xgb,0,0,,,,0.17414595755201456,12.0,,4.0,,,0.989309171116382,3.3149537959046778,59.0,0.7734864854828253,0.8559684085310095,,
L4,xgb,0,1,,,,0.2752922411234819,6.0,,4.0,,,0.9003722843377684,1.2382285364939403,97.0,12.676460341412865,0.957842665401539,,
L4,xgb,0,2,,,,0.1677474003446763,18.0,,3.0,,,0.5922199328234576,3.5172830560296924,107.0,0.6707595065187708,0.8020984360486816,,
L4,xgb,0,3,,,,0.03913535297780827,18.0,,3.0,,,0.5203153685005116,2.759369398542878,84.0,0.8547944546726949,0.7812689204488517,,
L4,xgb,0,4,,,,0.037160005521606275,6.0,,1.0,,,0.5178790917926408,3.345061293976066,134.0,1.6047491261477194,0.6964154411846551,,
L4,xgb,1,0,,,,0.038791472992396735,12.0,,3.0,,,0.537278368071214,1.0130729526163065,127.0,2.1722915687247695,0.9532488765616571,,
L4,xgb,1,1,,,,0.11035978614886939,12.0,,2.0,,,0.6223284759493247,3.805897709008075,135.0,3.2628104096619786,0.6662305101399851,,
L4,xgb,1,2,,,,0.03904832580216495,18.0,,2.0,,,0.764945539297976,1.3744911860227433,157.0,1.7733678224003908,0.6865508602597722,,
L4,xgb,1,3,,,,0.08758746163640019,6.0,,3.0,,,0.5551779541629067,2.7759873208991337,111.0,2.6261042565593886,0.6180901295828033,,
L4,xgb,1,4,,,,0.20339828658487882,12.0,,4.0,,,0.5194758192430791,1.9288430967066,54.0,3.9454688272164176,0.6321932294216771,,
L4,xgb,2,0,,,,0.09135836416083998,18.0,,4.0,,,0.563191573625079,2.8730953345315378,132.0,14.312466552262952,0.890799479107806,,
L4,xgb,2,1,,,,0.23388309931613194,18.0,,3.0,,,0.6283602459367392,1.1399193016908926,45.0,2.673098053234913,0.796086472469763,,
L4,xgb,2,2,,,,0.026145946123639484,18.0,,3.0,,,0.5235573680740881,2.2443020085776078,152.0,2.9929041373162177,0.8873037969661839,,
L4,xgb,2,3,,,,0.06684811338425785,12.0,,3.0,,,0.7461451771988842,3.3775754082042995,151.0,11.37756740986386,0.6753448193589526,,
L4,xgb,2,4,,,,0.17665407192101146,18.0,,3.0,,,0.7938741445549429,1.0976200822172966,108.0,5.341085476860372,0.9310804295132084,,
L5,xgb,0,0,,,,0.021044010785805558,12.0,,2.0,,,0.7842169744343243,1.4114804498181488,144.0,4.8678286003989735,0.9774992314058497,,
L5,xgb,0,1,,,,0.2752922411234819,6.0,,4.0,,,0.9003722843377684,1.2382285364939403,97.0,12.676460341412865,0.957842665401539,,
L5,xgb,0,2,,,,0.1677474003446763,18.0,,3.0,,,0.5922199328234576,3.5172830560296924,107.0,0.6707595065187708,0.8020984360486816,,
L5,xgb,0,3,,,,0.03913535297780827,18.0,,3.0,,,0.5203153685005116,2.759369398542878,84.0,0.8547944546726949,0.7812689204488517,,
L5,xgb,0,4,,,,0.10082058797307215,6.0,,3.0,,,0.5819211207023494,4.097560167205705,96.0,0.5884601611448732,0.9826611870856944,,
L5,xgb,1,0,,,,0.07269868532961692,12.0,,2.0,,,0.8292811066991898,2.185937213742496,92.0,4.100778511936923,0.9318357379290637,,
L5,xgb,1,1,,,,0.040998591633105826,6.0,,3.0,,,0.6531160897744027,1.6892116826420598,144.0,0.5445017767631702,0.6783127660335946,,
L5,xgb,1,2,,,,0.06972551830903656,12.0,,1.0,,,0.564494144330935,1.4249193275509136,100.0,0.9823268120411601,0.767165085336826,,
L5,xgb,1,3,,,,0.07955198368585163,12.0,,3.0,,,0.7022195131009241,4.13747063206003,106.0,2.7848822718987964,0.7735894817652548,,
L5,xgb,1,4,,,,0.20339828658487882,12.0,,4.0,,,0.5194758192430791,1.9288430967066,54.0,3.9454688272164176,0.6321932294216771,,
L5,xgb,2,0,,,,0.05286975801314032,6.0,,3.0,,,0.8470769365056284,1.4192917510646772,81.0,0.7519030561803105,0.8110227045161945,,
L5,xgb,2,1,,,,0.05397414831244243,12.0,,1.0,,,0.6210173108538988,2.1168753474795325,112.0,1.0971910522113126,0.9429492539384132,,
L5,xgb,2,2,,,,0.037211879558786784,12.0,,4.0,,,0.7264058503165017,1.3188272393741787,158.0,5.895818714549526,0.692841899135128,,
L5,xgb,2,3,,,,0.06232871052797461,6.0,,2.0,,,0.8141261641355877,6.184463925476285,157.0,7.9174561816477524,0.782648515348514,,
L5,xgb,2,4,,,,0.17665407192101146,18.0,,3.0,,,0.7938741445549429,1.0976200822172966,108.0,5.341085476860372,0.9310804295132084,,
L4r,xgb,0,0,,,,0.1387260300054608,6.0,,4.0,,,0.7744067519636624,7.210171877207321,143.0,2.386109712430462,0.8583576452266624,,
L4r,xgb,0,1,,,,0.2752922411234819,6.0,,4.0,,,0.9003722843377684,1.2382285364939403,97.0,12.676460341412865,0.957842665401539,,
L4r,xgb,0,2,,,,0.027395797086830664,12.0,,3.0,,,0.6439344079350022,1.3401702461587135,150.0,4.030507024141557,0.6887340668050816,,
L4r,xgb,0,3,,,,0.04584986429557673,6.0,,4.0,,,0.7763859751951884,2.7571076144843403,160.0,2.674723655867881,0.9030660980353199,,
L4r,xgb,0,4,,,,0.14573101852798145,12.0,,4.0,,,0.5839860918592019,8.416919286134556,97.0,15.886050104948824,0.8086784489779832,,
L4r,xgb,1,0,,,,0.07269868532961692,12.0,,2.0,,,0.8292811066991898,2.185937213742496,92.0,4.100778511936923,0.9318357379290637,,
L4r,xgb,1,1,,,,0.02687470878860416,12.0,,2.0,,,0.960413078146604,8.414819859029313,144.0,0.7996624662781754,0.9929420001163898,,
L4r,xgb,1,2,,,,0.12406709601256628,18.0,,4.0,,,0.9057825273311686,1.8280631090746005,158.0,4.806913386900896,0.9411685085519506,,
L4r,xgb,1,3,,,,0.06512202763713272,12.0,,1.0,,,0.7989028990449853,1.7844492544959862,100.0,13.57621206384153,0.8138510257848799,,
L4r,xgb,1,4,,,,0.20339828658487882,12.0,,4.0,,,0.5194758192430791,1.9288430967066,54.0,3.9454688272164176,0.6321932294216771,,
L4r,xgb,2,0,,,,0.06063443552144218,6.0,,2.0,,,0.6502842328866163,1.4479600564437038,134.0,4.309795587851306,0.9465551088078057,,
L4r,xgb,2,1,,,,0.05397414831244243,12.0,,1.0,,,0.6210173108538988,2.1168753474795325,112.0,1.0971910522113126,0.9429492539384132,,
L4r,xgb,2,2,,,,0.044736539165265383,18.0,,1.0,,,0.8272568691325443,5.2895848122455105,127.0,6.012105207172595,0.6406548096102296,,
L4r,xgb,2,3,,,,0.06232871052797461,6.0,,2.0,,,0.8141261641355877,6.184463925476285,157.0,7.9174561816477524,0.782648515348514,,
L4r,xgb,2,4,,,,0.06411090831021472,18.0,,3.0,,,0.7621667324156757,1.9213125309712178,102.0,16.376754883741047,0.7430017013012843,,
L1,enet,0,0,,,,,,,,,,,,,,,0.09331133488258986,0.6458941130666561
L1,enet,0,1,,,,,,,,,,,,,,,0.013779633820136876,0.0923385947687978
L1,enet,0,2,,,,,,,,,,,,,,,0.10161427216205754,0.025926231827891333
L1,enet,0,3,,,,,,,,,,,,,,,0.011904905043889722,0.20724287813818676
L1,enet,0,4,,,,,,,,,,,,,,,0.02870232591102157,0.4347915324044458
L1,enet,1,0,,,,,,,,,,,,,,,0.4568133220231358,0.11500694312440574
L1,enet,1,1,,,,,,,,,,,,,,,0.05719866198873089,0.22324201934573862
L1,enet,1,2,,,,,,,,,,,,,,,0.05625021875220198,0.614515805366465
L1,enet,1,3,,,,,,,,,,,,,,,0.9173368884341329,0.17210377380415431
L1,enet,1,4,,,,,,,,,,,,,,,0.3511317031294225,0.6071090928914465
L1,enet,2,0,,,,,,,,,,,,,,,0.06707714010255343,0.532035868838685
L1,enet,2,1,,,,,,,,,,,,,,,0.36437331743912466,0.42560196752594204
L1,enet,2,2,,,,,,,,,,,,,,,0.07523600911137193,0.18000174097192534
L1,enet,2,3,,,,,,,,,,,,,,,0.08210231605338747,0.34639418343441986
L1,enet,2,4,,,,,,,,,,,,,,,0.24465972766513325,0.07118171510524351
L2,enet,0,0,,,,,,,,,,,,,,,0.2215187622609133,0.7151893663724195
L2,enet,0,1,,,,,,,,,,,,,,,0.013779633820136876,0.0923385947687978
L2,enet,0,2,,,,,,,,,,,,,,,0.10161427216205754,0.025926231827891333
L2,enet,0,3,,,,,,,,,,,,,,,0.011904905043889722,0.20724287813818676
L2,enet,0,4,,,,,,,,,,,,,,,0.02870232591102157,0.4347915324044458
L2,enet,1,0,,,,,,,,,,,,,,,0.4568133220231358,0.11500694312440574
L2,enet,1,1,,,,,,,,,,,,,,,0.34636625300201446,0.5804571115888542
L2,enet,1,2,,,,,,,,,,,,,,,0.08859960754241948,0.6027242315765673
L2,enet,1,3,,,,,,,,,,,,,,,0.3107330147465944,0.43593378885993883
L2,enet,1,4,,,,,,,,,,,,,,,0.024767313409666234,0.2422640201141767
L2,enet,2,0,,,,,,,,,,,,,,,0.014299717302220152,0.12706921895137258
L2,enet,2,1,,,,,,,,,,,,,,,3.7988069545294016,0.9384502441526225
L2,enet,2,2,,,,,,,,,,,,,,,0.07523600911137193,0.18000174097192534
L2,enet,2,3,,,,,,,,,,,,,,,0.08210231605338747,0.34639418343441986
L2,enet,2,4,,,,,,,,,,,,,,,0.24465972766513325,0.07118171510524351
L3,enet,0,0,,,,,,,,,,,,,,,0.09331133488258986,0.6458941130666561
L3,enet,0,1,,,,,,,,,,,,,,,0.08913248575693473,0.7203244934421581
L3,enet,0,2,,,,,,,,,,,,,,,0.09121650133626642,0.3303348210038741
L3,enet,0,3,,,,,,,,,,,,,,,0.03729788633196916,0.510827605197663
L3,enet,0,4,,,,,,,,,,,,,,,0.02870232591102157,0.4347915324044458
L3,enet,1,0,,,,,,,,,,,,,,,0.4568133220231358,0.11500694312440574
L3,enet,1,1,,,,,,,,,,,,,,,0.05719866198873089,0.22324201934573862
L3,enet,1,2,,,,,,,,,,,,,,,0.05625021875220198,0.614515805366465
L3,enet,1,3,,,,,,,,,,,,,,,0.3107330147465944,0.43593378885993883
L3,enet,1,4,,,,,,,,,,,,,,,0.024767313409666234,0.2422640201141767
L3,enet,2,0,,,,,,,,,,,,,,,0.06707714010255343,0.532035868838685
L3,enet,2,1,,,,,,,,,,,,,,,0.06291756543141391,0.14195102695893702
L3,enet,2,2,,,,,,,,,,,,,,,0.07523600911137193,0.18000174097192534
L3,enet,2,3,,,,,,,,,,,,,,,0.08210231605338747,0.34639418343441986
L3,enet,2,4,,,,,,,,,,,,,,,0.24465972766513325,0.07118171510524351
L4,enet,0,0,,,,,,,,,,,,,,,1.1861650364960967,0.5288949197529045
L4,enet,0,1,,,,,,,,,,,,,,,0.07749477595688567,0.538816734003357
L4,enet,0,2,,,,,,,,,,,,,,,0.2228216767330444,0.4353223926182769
L4,enet,0,3,,,,,,,,,,,,,,,0.22457619125689987,0.7081478226181048
L4,enet,0,4,,,,,,,,,,,,,,,0.6196643025130636,0.21608949558037638
L4,enet,1,0,,,,,,,,,,,,,,,0.4568133220231358,0.11500694312440574
L4,enet,1,1,,,,,,,,,,,,,,,0.34636625300201446,0.5804571115888542
L4,enet,1,2,,,,,,,,,,,,,,,0.08859960754241948,0.6027242315765673
L4,enet,1,3,,,,,,,,,,,,,,,0.3107330147465944,0.43593378885993883
L4,enet,1,4,,,,,,,,,,,,,,,0.3511317031294225,0.6071090928914465
L4,enet,2,0,,,,,,,,,,,,,,,0.2573486299131642,0.56452875520484
L4,enet,2,1,,,,,,,,,,,,,,,0.36437331743912466,0.42560196752594204
L4,enet,2,2,,,,,,,,,,,,,,,0.18647956479395172,0.5144318969941418
L4,enet,2,3,,,,,,,,,,,,,,,2.0261351873071898,0.29332113822144246
L4,enet,2,4,,,,,,,,,,,,,,,0.9444658134725897,0.7919159965790887
L5,enet,0,0,,,,,,,,,,,,,,,1.1861650364960967,0.5288949197529045
L5,enet,0,1,,,,,,,,,,,,,,,0.08913248575693473,0.7203244934421581
L5,enet,0,2,,,,,,,,,,,,,,,0.36506609694205455,0.5291420942770391
L5,enet,0,3,,,,,,,,,,,,,,,0.22457619125689987,0.7081478226181048
L5,enet,0,4,,,,,,,,,,,,,,,0.6196643025130636,0.21608949558037638
L5,enet,1,0,,,,,,,,,,,,,,,0.4568133220231358,0.11500694312440574
L5,enet,1,1,,,,,,,,,,,,,,,0.34636625300201446,0.5804571115888542
L5,enet,1,2,,,,,,,,,,,,,,,0.08859960754241948,0.6027242315765673
L5,enet,1,3,,,,,,,,,,,,,,,0.3107330147465944,0.43593378885993883
L5,enet,1,4,,,,,,,,,,,,,,,0.3511317031294225,0.6071090928914465
L5,enet,2,0,,,,,,,,,,,,,,,0.2573486299131642,0.56452875520484
L5,enet,2,1,,,,,,,,,,,,,,,0.36437331743912466,0.42560196752594204
L5,enet,2,2,,,,,,,,,,,,,,,0.18647956479395172,0.5144318969941418
L5,enet,2,3,,,,,,,,,,,,,,,2.0261351873071898,0.29332113822144246
L5,enet,2,4,,,,,,,,,,,,,,,0.9444658134725897,0.7919159965790887
L4r,enet,0,0,,,,,,,,,,,,,,,0.09331133488258986,0.6458941130666561
L4r,enet,0,1,,,,,,,,,,,,,,,0.01810300362872371,0.34556072704304774
L4r,enet,0,2,,,,,,,,,,,,,,,0.09121650133626642,0.3303348210038741
L4r,enet,0,3,,,,,,,,,,,,,,,0.03729788633196916,0.510827605197663
L4r,enet,0,4,,,,,,,,,,,,,,,0.02870232591102157,0.4347915324044458
L4r,enet,1,0,,,,,,,,,,,,,,,0.4568133220231358,0.11500694312440574
L4r,enet,1,1,,,,,,,,,,,,,,,0.05719866198873089,0.22324201934573862
L4r,enet,1,2,,,,,,,,,,,,,,,0.08859960754241948,0.6027242315765673
L4r,enet,1,3,,,,,,,,,,,,,,,0.3107330147465944,0.43593378885993883
L4r,enet,1,4,,,,,,,,,,,,,,,0.024767313409666234,0.2422640201141767
L4r,enet,2,0,,,,,,,,,,,,,,,0.2573486299131642,0.56452875520484
L4r,enet,2,1,,,,,,,,,,,,,,,0.36437331743912466,0.42560196752594204
L4r,enet,2,2,,,,,,,,,,,,,,,0.18647956479395172,0.5144318969941418
L4r,enet,2,3,,,,,,,,,,,,,,,0.14991361179411486,0.4455939581466867
L4r,enet,2,4,,,,,,,,,,,,,,,0.09037233360239076,0.4427334563007115
