tag,algo,imputer,repeat,fold,auc,inner_auc,n_train,n_test,seconds,kind
L1,cat,median,0,0,0.8214285714285714,0.7753367003367003,151,38,5.40318489074707,cv
L1,cat,median,0,1,0.7979797979797979,0.7722101972101972,151,38,5.039486408233643,cv
L1,cat,median,0,2,0.6801346801346801,0.8301647426647427,151,38,4.5202717781066895,cv
L1,cat,median,0,3,0.8080808080808081,0.7823412698412698,151,38,5.878914833068848,cv
L1,cat,median,0,4,0.8481481481481481,0.774891774891775,152,37,5.7086591720581055,cv
L1,cat,median,1,0,0.8535714285714286,0.7656565656565657,151,38,5.801249742507935,cv
L1,cat,median,1,1,0.8653198653198654,0.7788750601250601,151,38,5.9739227294921875,cv
L1,cat,median,1,2,0.8855218855218854,0.7705958393458394,151,38,6.310261487960815,cv
L1,cat,median,1,3,0.797979797979798,0.7975499037999038,151,38,4.276804447174072,cv
L1,cat,median,1,4,0.6592592592592592,0.8390662578162578,152,37,4.951722860336304,cv
L1,cat,median,2,0,0.7964285714285715,0.8034511784511784,151,38,5.840642929077148,cv
L1,cat,median,2,1,0.6531986531986531,0.8378727753727754,151,38,4.828420162200928,cv
L1,cat,median,2,2,0.8821548821548821,0.7894360269360269,151,38,4.75297737121582,cv
L1,cat,median,2,3,0.8282828282828283,0.7709084896584897,151,38,4.869862079620361,cv
L1,cat,median,2,4,0.825925925925926,0.7863425925925926,152,37,5.235877752304077,cv
L2,cat,median,0,0,0.8142857142857143,0.825925925925926,151,38,5.838831663131714,cv
L2,cat,median,0,1,0.882154882154882,0.7992815055315056,151,38,5.664009094238281,cv
L2,cat,median,0,2,0.7104377104377104,0.8455778018278017,151,38,4.236124753952026,cv
L2,cat,median,0,3,0.8787878787878787,0.8074585137085137,151,38,7.368370771408081,cv
L2,cat,median,0,4,0.8629629629629629,0.8180254930254931,152,37,5.535201072692871,cv
L2,cat,median,1,0,0.9285714285714285,0.7957070707070706,151,38,8.817909479141235,cv
L2,cat,median,1,1,0.8787878787878788,0.7932810245310246,151,38,8.489749908447266,cv
L2,cat,median,1,2,0.8484848484848485,0.8338353775853775,151,38,6.335788726806641,cv
L2,cat,median,1,3,0.8148148148148149,0.8049783549783549,151,38,5.898229122161865,cv
L2,cat,median,1,4,0.7,0.8593704906204906,152,37,6.8442792892456055,cv
L2,cat,median,2,0,0.8214285714285715,0.8539562289562288,151,38,5.383043527603149,cv
L2,cat,median,2,1,0.7441077441077442,0.8649981962481962,151,38,7.3669538497924805,cv
L2,cat,median,2,2,0.8181818181818181,0.8329094516594516,151,38,6.677678108215332,cv
L2,cat,median,2,3,0.9259259259259259,0.7761423761423761,151,38,6.556238889694214,cv
L2,cat,median,2,4,0.8407407407407407,0.8191708754208754,152,37,6.5919029712677,cv
L3,cat,median,0,0,0.8321428571428571,0.831060606060606,151,38,12.759119987487793,cv
L3,cat,median,0,1,0.8686868686868686,0.864817821067821,151,38,10.998734712600708,cv
L3,cat,median,0,2,0.7441077441077442,0.8638588263588263,151,38,9.997599124908447,cv
L3,cat,median,0,3,0.835016835016835,0.8536766474266474,151,38,13.286085605621338,cv
L3,cat,median,0,4,0.9222222222222222,0.8325637325637326,152,37,10.788733005523682,cv
L3,cat,median,1,0,0.8928571428571428,0.8191077441077441,151,38,12.274964332580566,cv
L3,cat,median,1,1,0.8585858585858586,0.8419793169793169,151,38,12.056902647018433,cv
L3,cat,median,1,2,0.8518518518518519,0.8437890812890813,151,38,14.396285772323608,cv
L3,cat,median,1,3,0.8989898989898989,0.8204425204425205,151,38,10.468396186828613,cv
L3,cat,median,1,4,0.7518518518518518,0.855239898989899,152,37,13.345315217971802,cv
L3,cat,median,2,0,0.8035714285714286,0.8988215488215487,151,38,11.804600477218628,cv
L3,cat,median,2,1,0.8047138047138047,0.8875962000962001,151,38,11.282753705978394,cv
L3,cat,median,2,2,0.8686868686868686,0.8353956228956229,151,38,12.8771493434906,cv
L3,cat,median,2,3,0.936026936026936,0.805465367965368,151,38,14.168026447296143,cv
L3,cat,median,2,4,0.8925925925925926,0.8259048821548822,152,37,13.193786382675171,cv
L4,cat,median,0,0,0.9321428571428572,0.8942760942760942,151,38,14.245808124542236,cv
L4,cat,median,0,1,0.8956228956228957,0.8981240981240981,151,38,12.925560235977173,cv
L4,cat,median,0,2,0.8215488215488216,0.9055194805194806,151,38,11.574098825454712,cv
L4,cat,median,0,3,0.9057239057239057,0.8783910533910535,151,38,15.64021372795105,cv
L4,cat,median,0,4,0.9296296296296297,0.8714135401635402,152,37,12.844489097595215,cv
L4,cat,median,1,0,0.8464285714285714,0.8765993265993266,151,38,13.704200983047485,cv
L4,cat,median,1,1,0.9259259259259258,0.8695646945646945,151,38,12.798550605773926,cv
L4,cat,median,1,2,0.9259259259259259,0.8883597883597883,151,38,13.844030141830444,cv
L4,cat,median,1,3,0.9427609427609428,0.8444053631553632,151,38,10.426587104797363,cv
L4,cat,median,1,4,0.788888888888889,0.9137295574795574,152,37,13.901011943817139,cv
L4,cat,median,2,0,0.8607142857142858,0.9333333333333333,151,38,11.438644647598267,cv
L4,cat,median,2,1,0.7811447811447811,0.9199254449254449,151,38,12.290050745010376,cv
L4,cat,median,2,2,0.9562289562289562,0.8920244107744106,151,38,11.549948692321777,cv
L4,cat,median,2,3,0.9797979797979798,0.852982202982203,151,38,12.413881778717041,cv
L4,cat,median,2,4,0.9185185185185185,0.9007966570466571,152,37,12.306705474853516,cv
L5,cat,median,0,0,0.9357142857142857,0.8973905723905724,151,38,16.252860069274902,cv
L5,cat,median,0,1,0.9090909090909091,0.9061417748917748,151,38,15.361160278320312,cv
L5,cat,median,0,2,0.8282828282828283,0.9013257575757576,151,38,13.646683931350708,cv
L5,cat,median,0,3,0.8821548821548821,0.8789111351611352,151,38,17.812931537628174,cv
L5,cat,median,0,4,0.9518518518518518,0.8775102212602213,152,37,15.530858755111694,cv
L5,cat,median,1,0,0.875,0.8746632996632996,151,38,15.6966233253479,cv
L5,cat,median,1,1,0.8956228956228957,0.8672468734968735,151,38,16.35563611984253,cv
L5,cat,median,1,2,0.9292929292929293,0.8915253727753728,151,38,18.749043941497803,cv
L5,cat,median,1,3,0.9562289562289562,0.8396043771043772,151,38,14.198404788970947,cv
L5,cat,median,1,4,0.7777777777777778,0.9090367965367965,152,37,17.40104866027832,cv
L5,cat,median,2,0,0.8785714285714284,0.9386363636363637,151,38,15.318502187728882,cv
L5,cat,median,2,1,0.7643097643097644,0.9183441558441557,151,38,15.535033464431763,cv
L5,cat,median,2,2,0.9124579124579124,0.89736050986051,151,38,15.422566652297974,cv
L5,cat,median,2,3,0.9730639730639731,0.8574404761904763,151,38,14.33796739578247,cv
L5,cat,median,2,4,0.9333333333333333,0.8880681818181817,152,37,15.539193868637085,cv
L4r,cat,median,0,0,0.9142857142857143,0.9326599326599325,151,38,15.687570333480835,cv
L4r,cat,median,0,1,0.9898989898989898,0.9225919913419913,151,38,15.277126789093018,cv
L4r,cat,median,0,2,0.8484848484848484,0.9384078884078884,151,38,13.068875312805176,cv
L4r,cat,median,0,3,0.9427609427609427,0.9088203463203464,151,38,17.796080589294434,cv
L4r,cat,median,0,4,0.9333333333333333,0.9114357864357865,152,37,14.490729093551636,cv
L4r,cat,median,1,0,0.9178571428571428,0.9143097643097643,151,38,14.377870321273804,cv
L4r,cat,median,1,1,0.9764309764309764,0.8871272246272246,151,38,14.48724889755249,cv
L4r,cat,median,1,2,0.936026936026936,0.9310966810966811,151,38,17.27693796157837,cv
L4r,cat,median,1,3,0.9898989898989898,0.892989417989418,151,38,12.520751237869263,cv
L4r,cat,median,1,4,0.7222222222222222,0.9535233285233286,152,37,16.718415021896362,cv
L4r,cat,median,2,0,0.9035714285714286,0.9427609427609427,151,38,12.525169610977173,cv
L4r,cat,median,2,1,0.8484848484848485,0.9459385521885522,151,38,13.45640516281128,cv
L4r,cat,median,2,2,0.9663299663299663,0.9026184463684463,151,38,14.166242122650146,cv
L4r,cat,median,2,3,0.9562289562289562,0.9011964886964886,151,38,14.000345230102539,cv
L4r,cat,median,2,4,0.9222222222222222,0.9183712121212121,152,37,14.541992664337158,cv
L5,cat,mean,0,0,0.9285714285714286,0.8914141414141413,151,38,14.39592170715332,sens
L5,cat,mean,0,1,0.9057239057239057,0.9101791726791726,151,38,14.667808532714844,sens
L5,cat,mean,0,2,0.8013468013468013,0.908080808080808,151,38,11.916281461715698,sens
L5,cat,mean,0,3,0.8922558922558922,0.8891564454064455,151,38,15.399177312850952,sens
L5,cat,mean,0,4,0.9222222222222222,0.8828162578162578,152,37,13.001190185546875,sens
L5,cat,knn,0,0,0.925,0.9000841750841752,151,38,14.33444619178772,sens
L5,cat,knn,0,1,0.9191919191919191,0.9101641414141415,151,38,15.37260389328003,sens
L5,cat,knn,0,2,0.8114478114478115,0.9169101731601732,151,38,12.71268367767334,sens
L5,cat,knn,0,3,0.9057239057239057,0.8847582972582972,151,38,15.749202251434326,sens
L5,cat,knn,0,4,0.7555555555555555,0.8663630351130351,152,37,14.238790512084961,sens
L5,cat,iterative,0,0,0.9107142857142856,0.9053872053872053,151,38,23.95954942703247,sens
L5,cat,iterative,0,1,0.8922558922558922,0.9057359307359307,151,38,22.36799716949463,sens
L5,cat,iterative,0,2,0.8114478114478115,0.9058651996151996,151,38,22.11560606956482,sens
L5,cat,iterative,0,3,0.9124579124579124,0.8883958633958634,151,38,31.257994651794434,sens
L5,cat,iterative,0,4,0.9629629629629629,0.8855970418470418,152,37,24.180479526519775,sens
L5,cat,locf,0,0,0.9214285714285715,0.9101851851851852,151,38,15.336636066436768,sens
L5,cat,locf,0,1,0.9057239057239057,0.9032136844636844,151,38,16.10283350944519,sens
L5,cat,locf,0,2,0.8249158249158248,0.9202050264550264,151,38,13.040026903152466,sens
L5,cat,locf,0,3,0.8956228956228955,0.8722763347763348,151,38,17.872581958770752,sens
L5,cat,locf,0,4,0.9444444444444444,0.8763377825877825,152,37,14.856181859970093,sens
L1,rf,median,0,0,0.7857142857142858,0.7941919191919191,151,38,6.424339056015015,cv
L1,rf,median,0,1,0.8148148148148148,0.790410052910053,151,38,5.664604663848877,cv
L1,rf,median,0,2,0.6835016835016835,0.8297047859547859,151,38,6.780761241912842,cv
L1,rf,median,0,3,0.8148148148148149,0.7891023328523329,151,38,7.41798734664917,cv
L1,rf,median,0,4,0.8555555555555555,0.7940987253487253,152,37,7.073565244674683,cv
L1,rf,median,1,0,0.8678571428571429,0.7918350168350168,151,38,6.702354669570923,cv
L1,rf,median,1,1,0.8686868686868686,0.7761032948532949,151,38,7.7996275424957275,cv
L1,rf,median,1,2,0.8720538720538721,0.7898508898508898,151,38,7.349757432937622,cv
L1,rf,median,1,3,0.7609427609427609,0.7916486291486291,151,38,7.656848669052124,cv
L1,rf,median,1,4,0.6666666666666667,0.8472552910052911,152,37,6.278098106384277,cv
L1,rf,median,2,0,0.7928571428571429,0.8037037037037036,151,38,7.156288146972656,cv
L1,rf,median,2,1,0.7575757575757576,0.8051016113516113,151,38,7.4637086391448975,cv
L1,rf,median,2,2,0.8888888888888888,0.8057449494949496,151,38,6.5787599086761475,cv
L1,rf,median,2,3,0.8316498316498316,0.791338985088985,151,38,6.553213119506836,cv
L1,rf,median,2,4,0.8148148148148148,0.7824915824915825,152,37,7.122014284133911,cv
L2,rf,median,0,0,0.7964285714285714,0.8488215488215488,151,38,11.776233434677124,cv
L2,rf,median,0,1,0.8922558922558923,0.7899440836940836,151,38,10.212306261062622,cv
L2,rf,median,0,2,0.7104377104377105,0.8514189514189514,151,38,11.516740083694458,cv
L2,rf,median,0,3,0.8821548821548821,0.8181036556036556,151,38,6.93817663192749,cv
L2,rf,median,0,4,0.8629629629629629,0.8140722703222703,152,37,11.65600061416626,cv
L2,rf,median,1,0,0.9535714285714286,0.803114478114478,151,38,7.9141271114349365,cv
L2,rf,median,1,1,0.9191919191919192,0.8214466089466089,151,38,12.884820461273193,cv
L2,rf,median,1,2,0.8518518518518517,0.8233164983164982,151,38,7.8937764167785645,cv
L2,rf,median,1,3,0.797979797979798,0.7932900432900432,151,38,11.763984203338623,cv
L2,rf,median,1,4,0.6555555555555556,0.8657497594997595,152,37,12.003348588943481,cv
L2,rf,median,2,0,0.8321428571428572,0.856060606060606,151,38,7.3843066692352295,cv
L2,rf,median,2,1,0.7676767676767676,0.8525703463203463,151,38,8.127296686172485,cv
L2,rf,median,2,2,0.8383838383838383,0.8299152236652237,151,38,6.673386812210083,cv
L2,rf,median,2,3,0.9427609427609428,0.7902567340067339,151,38,10.28709864616394,cv
L2,rf,median,2,4,0.8518518518518519,0.8224867724867725,152,37,12.053280591964722,cv
L3,rf,median,0,0,0.8392857142857142,0.8308080808080809,151,38,18.54508900642395,cv
L3,rf,median,0,1,0.8417508417508418,0.8481481481481481,151,38,19.925618648529053,cv
L3,rf,median,0,2,0.7643097643097643,0.8578342953342953,151,38,18.29584789276123,cv
L3,rf,median,0,3,0.8316498316498316,0.848145141895142,151,38,15.347872257232666,cv
L3,rf,median,0,4,0.951851851851852,0.8320286195286195,152,37,19.906813144683838,cv
L3,rf,median,1,0,0.875,0.8264309764309764,151,38,15.54719066619873,cv
L3,rf,median,1,1,0.8619528619528619,0.8244197931697931,151,38,23.267817735671997,cv
L3,rf,median,1,2,0.8956228956228955,0.8453102453102453,151,38,18.022266149520874,cv
L3,rf,median,1,3,0.898989898989899,0.8140482202982203,151,38,20.986361026763916,cv
L3,rf,median,1,4,0.7370370370370372,0.8697540885040885,152,37,19.951119899749756,cv
L3,rf,median,2,0,0.817857142857143,0.8987373737373737,151,38,20.412142753601074,cv
L3,rf,median,2,1,0.7710437710437711,0.8687830687830688,151,38,22.745822191238403,cv
L3,rf,median,2,2,0.8821548821548822,0.8381703944203944,151,38,25.540608167648315,cv
L3,rf,median,2,3,0.9057239057239057,0.8042358104858105,151,38,19.681978702545166,cv
L3,rf,median,2,4,0.8962962962962964,0.8377916065416064,152,37,19.94697594642639,cv
L4,rf,median,0,0,0.9321428571428572,0.8868686868686868,151,38,23.937421083450317,cv
L4,rf,median,0,1,0.9090909090909092,0.8861592111592111,151,38,22.06187343597412,cv
L4,rf,median,0,2,0.8383838383838383,0.898289442039442,151,38,23.083442449569702,cv
L4,rf,median,0,3,0.872053872053872,0.8766624579124578,151,38,18.65380024909973,cv
L4,rf,median,0,4,0.9740740740740741,0.8718464405964406,152,37,35.20079326629639,cv
L4,rf,median,1,0,0.8500000000000001,0.8756734006734007,151,38,28.991217136383057,cv
L4,rf,median,1,1,0.8956228956228955,0.8767015392015391,151,38,29.08914875984192,cv
L4,rf,median,1,2,0.936026936026936,0.863236531986532,151,38,21.679731369018555,cv
L4,rf,median,1,3,0.9562289562289562,0.8471109908609908,151,38,34.58855104446411,cv
L4,rf,median,1,4,0.7666666666666667,0.9076599326599326,152,37,27.34759020805359,cv
L4,rf,median,2,0,0.8785714285714286,0.9184343434343434,151,38,25.781583786010742,cv
L4,rf,median,2,1,0.8383838383838385,0.909433621933622,151,38,23.50904941558838,cv
L4,rf,median,2,2,0.9225589225589225,0.8763468013468014,151,38,29.11279273033142,cv
L4,rf,median,2,3,0.946127946127946,0.8441227753727754,151,38,25.48155903816223,cv
L4,rf,median,2,4,0.9370370370370371,0.9027356902356902,152,37,31.891854524612427,cv
L5,rf,median,0,0,0.9035714285714286,0.8728114478114477,151,38,35.80917549133301,cv
L5,rf,median,0,1,0.8855218855218855,0.869474506974507,151,38,31.222710371017456,cv
L5,rf,median,0,2,0.7912457912457912,0.8891504329004329,151,38,32.22156882286072,cv
L5,rf,median,0,3,0.872053872053872,0.8625330687830687,151,38,28.844165086746216,cv
L5,rf,median,0,4,0.962962962962963,0.8633267195767196,152,37,31.021158695220947,cv
L5,rf,median,1,0,0.875,0.8602693602693602,151,38,27.89132070541382,cv
L5,rf,median,1,1,0.8956228956228957,0.8695797258297259,151,38,39.74583292007446,cv
L5,rf,median,1,2,0.9158249158249158,0.8789141414141414,151,38,32.87743830680847,cv
L5,rf,median,1,3,0.9629629629629629,0.840815897065897,151,38,34.13172125816345,cv
L5,rf,median,1,4,0.7703703703703703,0.9070737133237132,152,37,35.97138476371765,cv
L5,rf,median,2,0,0.8428571428571429,0.9093434343434342,151,38,29.98311185836792,cv
L5,rf,median,2,1,0.771043771043771,0.9151244588744588,151,38,35.2353572845459,cv
L5,rf,median,2,2,0.8956228956228957,0.8730790043290043,151,38,29.297972440719604,cv
L5,rf,median,2,3,0.973063973063973,0.8248827561327561,151,38,36.065306186676025,cv
L5,rf,median,2,4,0.9259259259259259,0.8984758297258297,152,37,31.087430953979492,cv
L4r,rf,median,0,0,0.9142857142857144,0.9446969696969696,151,38,36.33934235572815,cv
L4r,rf,median,0,1,0.9898989898989898,0.9192279942279942,151,38,29.83736515045166,cv
L4r,rf,median,0,2,0.8249158249158249,0.9365710678210678,151,38,35.17595553398132,cv
L4r,rf,median,0,3,0.9158249158249159,0.9162968975468975,151,38,32.694071531295776,cv
L4r,rf,median,0,4,0.925925925925926,0.9096500721500722,152,37,36.76995801925659,cv
L4r,rf,median,1,0,0.9285714285714286,0.9121212121212121,151,38,32.298494815826416,cv
L4r,rf,median,1,1,0.9730639730639731,0.8898719336219335,151,38,34.535146951675415,cv
L4r,rf,median,1,2,0.9562289562289562,0.9105579605579605,151,38,28.2271785736084,cv
L4r,rf,median,1,3,1.0,0.8837421837421837,151,38,31.515514373779297,cv
L4r,rf,median,1,4,0.7296296296296296,0.9585738335738336,152,37,31.066854238510132,cv
L4r,rf,median,2,0,0.8535714285714285,0.9384680134680136,151,38,34.856212854385376,cv
L4r,rf,median,2,1,0.8484848484848485,0.9485810485810485,151,38,29.978792428970337,cv
L4r,rf,median,2,2,0.9663299663299663,0.9111020923520923,151,38,29.968740940093994,cv
L4r,rf,median,2,3,0.962962962962963,0.8875420875420875,151,38,34.0228054523468,cv
L4r,rf,median,2,4,0.937037037037037,0.9221230158730158,152,37,32.36793565750122,cv
L5,rf,mean,0,0,0.9178571428571429,0.8702020202020202,151,38,31.760899782180786,sens
L5,rf,mean,0,1,0.882154882154882,0.8699434824434824,151,38,28.136021614074707,sens
L5,rf,mean,0,2,0.7946127946127947,0.8882245069745069,151,38,28.234966278076172,sens
L5,rf,mean,0,3,0.872053872053872,0.8692159692159692,151,38,26.43533444404602,sens
L5,rf,mean,0,4,0.9703703703703703,0.8658519721019722,152,37,27.93096089363098,sens
L5,rf,knn,0,0,0.9178571428571429,0.8932659932659932,151,38,24.56019878387451,sens
L5,rf,knn,0,1,0.9225589225589226,0.8772997835497836,151,38,27.732247829437256,sens
L5,rf,knn,0,2,0.7171717171717172,0.8856992544492545,151,38,27.762705326080322,sens
L5,rf,knn,0,3,0.8787878787878788,0.8787999037999038,151,38,20.33370065689087,sens
L5,rf,knn,0,4,0.9703703703703703,0.8754178691678691,152,37,17.62962317466736,sens
L5,rf,iterative,0,0,0.8821428571428571,0.8888047138047138,151,38,40.67303395271301,sens
L5,rf,iterative,0,1,0.8956228956228957,0.8852813852813853,151,38,41.34345006942749,sens
L5,rf,iterative,0,2,0.7205387205387205,0.8988305675805676,151,38,45.28702449798584,sens
L5,rf,iterative,0,3,0.9124579124579124,0.8626142376142376,151,38,43.76134490966797,sens
L5,rf,iterative,0,4,0.9666666666666666,0.8687349687349688,152,37,48.247631311416626,sens
L5,rf,locf,0,0,0.8678571428571429,0.9012626262626262,151,38,24.55203080177307,sens
L5,rf,locf,0,1,0.8754208754208754,0.8925444925444926,151,38,22.717148065567017,sens
L5,rf,locf,0,2,0.7306397306397306,0.9048971861471862,151,38,27.606223583221436,sens
L5,rf,locf,0,3,0.8922558922558922,0.8673310485810486,151,38,25.582515239715576,sens
L5,rf,locf,0,4,0.9925925925925926,0.8762085137085136,152,37,30.873921632766724,sens
L1,xgb,median,0,0,0.8053571428571429,0.7742845117845117,151,38,5.621615886688232,cv
L1,xgb,median,0,1,0.8552188552188553,0.7905964405964407,151,38,9.611547708511353,cv
L1,xgb,median,0,2,0.6902356902356902,0.8189574314574315,151,38,17.288591623306274,cv
L1,xgb,median,0,3,0.7979797979797979,0.7609397546897546,151,38,15.198503255844116,cv
L1,xgb,median,0,4,0.788888888888889,0.7676737614237614,152,37,23.794915676116943,cv
L1,xgb,median,1,0,0.8250000000000001,0.7922138047138045,151,38,13.667999982833862,cv
L1,xgb,median,1,1,0.8316498316498316,0.7579635642135643,151,38,16.007495641708374,cv
L1,xgb,median,1,2,0.8989898989898989,0.782521645021645,151,38,20.944236755371094,cv
L1,xgb,median,1,3,0.7760942760942761,0.7853294853294854,151,38,12.492557287216187,cv
L1,xgb,median,1,4,0.6370370370370371,0.8372564935064934,152,37,10.22511339187622,cv
L1,xgb,median,2,0,0.7535714285714286,0.8303030303030302,151,38,17.223313808441162,cv
L1,xgb,median,2,1,0.744107744107744,0.8056727994227993,151,38,14.70491337776184,cv
L1,xgb,median,2,2,0.898989898989899,0.7806848244348243,151,38,14.44251036643982,cv
L1,xgb,median,2,3,0.8181818181818182,0.7871302308802308,151,38,12.405139446258545,cv
L1,xgb,median,2,4,0.8444444444444443,0.7813431938431938,152,37,23.677844524383545,cv
L2,xgb,median,0,0,0.7946428571428572,0.8233585858585859,151,38,36.74715995788574,cv
L2,xgb,median,0,1,0.8619528619528619,0.7950727513227512,151,38,16.473877429962158,cv
L2,xgb,median,0,2,0.632996632996633,0.8481902356902358,151,38,22.13569688796997,cv
L2,xgb,median,0,3,0.8552188552188551,0.7898734367484367,151,38,21.779792070388794,cv
L2,xgb,median,0,4,0.9222222222222222,0.8111261423761424,152,37,24.393295764923096,cv
L2,xgb,median,1,0,0.9357142857142857,0.7851010101010101,151,38,19.330735683441162,cv
L2,xgb,median,1,1,0.8956228956228955,0.7769811207311208,151,38,27.96796178817749,cv
L2,xgb,median,1,2,0.8653198653198654,0.8289396945646946,151,38,19.79420018196106,cv
L2,xgb,median,1,3,0.8484848484848485,0.8089841871091872,151,38,20.35734224319458,cv
L2,xgb,median,1,4,0.6592592592592592,0.861489898989899,152,37,15.855246543884277,cv
L2,xgb,median,2,0,0.7928571428571429,0.850084175084175,151,38,27.119636058807373,cv
L2,xgb,median,2,1,0.7542087542087542,0.8426166426166427,151,38,15.533679246902466,cv
L2,xgb,median,2,2,0.8720538720538721,0.8196608946608946,151,38,17.918124437332153,cv
L2,xgb,median,2,3,0.9225589225589226,0.7869077681577681,151,38,36.805593967437744,cv
L2,xgb,median,2,4,0.8407407407407408,0.8073352573352574,152,37,21.857952117919922,cv
L3,xgb,median,0,0,0.8142857142857143,0.8255892255892254,151,38,52.17060208320618,cv
L3,xgb,median,0,1,0.8417508417508417,0.8485434704184704,151,38,17.390553951263428,cv
L3,xgb,median,0,2,0.7373737373737375,0.8625841750841752,151,38,18.909798860549927,cv
L3,xgb,median,0,3,0.8249158249158249,0.84748075998076,151,38,20.093490600585938,cv
L3,xgb,median,0,4,0.9481481481481481,0.8054232804232804,152,37,47.19002294540405,cv
L3,xgb,median,1,0,0.85,0.8088383838383839,151,38,40.79273080825806,cv
L3,xgb,median,1,1,0.8417508417508418,0.8243807118807118,151,38,31.223090171813965,cv
L3,xgb,median,1,2,0.835016835016835,0.8457641895141895,151,38,19.42504644393921,cv
L3,xgb,median,1,3,0.8619528619528619,0.8128592472342472,151,38,46.22320795059204,cv
L3,xgb,median,1,4,0.762962962962963,0.8639880952380952,152,37,12.236850023269653,cv
L3,xgb,median,2,0,0.7964285714285715,0.888973063973064,151,38,42.686033487319946,cv
L3,xgb,median,2,1,0.7878787878787878,0.8741131553631554,151,38,23.060896635055542,cv
L3,xgb,median,2,2,0.8686868686868686,0.8372294372294373,151,38,24.832507133483887,cv
L3,xgb,median,2,3,0.9292929292929293,0.797468734968735,151,38,35.74988508224487,cv
L3,xgb,median,2,4,0.8888888888888888,0.8226911976911977,152,37,28.702274322509766,cv
L4,xgb,median,0,0,0.9535714285714285,0.8675925925925926,151,38,32.8958477973938,cv
L4,xgb,median,0,1,0.9023569023569022,0.9146224146224146,151,38,23.036072492599487,cv
L4,xgb,median,0,2,0.8080808080808082,0.902435064935065,151,38,35.73412537574768,cv
L4,xgb,median,0,3,0.9191919191919191,0.8664051226551226,151,38,41.99781155586243,cv
L4,xgb,median,0,4,0.9555555555555556,0.8695256132756133,152,37,41.274170875549316,cv
L4,xgb,median,1,0,0.8571428571428572,0.8715488215488215,151,38,21.653688430786133,cv
L4,xgb,median,1,1,0.9090909090909091,0.8528769841269841,151,38,47.376420736312866,cv
L4,xgb,median,1,2,0.9326599326599326,0.8783399470899471,151,38,37.39455032348633,cv
L4,xgb,median,1,3,0.9562289562289562,0.8461309523809523,151,38,20.805076599121094,cv
L4,xgb,median,1,4,0.7814814814814814,0.9233976671476671,152,37,15.071710586547852,cv
L4,xgb,median,2,0,0.8857142857142856,0.9309343434343434,151,38,21.36125421524048,cv
L4,xgb,median,2,1,0.8451178451178452,0.918166786916787,151,38,28.129632711410522,cv
L4,xgb,median,2,2,0.9158249158249158,0.8850018037518038,151,38,19.015724182128906,cv
L4,xgb,median,2,3,0.9393939393939393,0.8614613395863395,151,38,22.13437843322754,cv
L4,xgb,median,2,4,0.9185185185185185,0.9063822751322751,152,37,19.51492214202881,cv
L5,xgb,median,0,0,0.9428571428571428,0.8761784511784512,151,38,23.38343644142151,cv
L5,xgb,median,0,1,0.8787878787878788,0.909066859066859,151,38,17.564048290252686,cv
L5,xgb,median,0,2,0.7845117845117846,0.9108856421356422,151,38,32.871647357940674,cv
L5,xgb,median,0,3,0.9158249158249159,0.8627344877344878,151,38,33.62464189529419,cv
L5,xgb,median,0,4,0.9407407407407408,0.8711700336700336,152,37,31.797664880752563,cv
L5,xgb,median,1,0,0.8464285714285715,0.8743265993265993,151,38,16.858777046203613,cv
L5,xgb,median,1,1,0.835016835016835,0.86506734006734,151,38,26.672318935394287,cv
L5,xgb,median,1,2,0.9393939393939394,0.889709595959596,151,38,23.950734615325928,cv
L5,xgb,median,1,3,0.9427609427609427,0.8578463203463202,151,38,30.45759916305542,cv
L5,xgb,median,1,4,0.7777777777777778,0.9124037999037998,152,37,16.34615182876587,cv
L5,xgb,median,2,0,0.8892857142857143,0.9258417508417508,151,38,32.80137515068054,cv
L5,xgb,median,2,1,0.8080808080808082,0.9239387926887928,151,38,19.48205065727234,cv
L5,xgb,median,2,2,0.9158249158249158,0.8937049062049061,151,38,30.83596444129944,cv
L5,xgb,median,2,3,0.936026936026936,0.8512370731120731,151,38,21.86068558692932,cv
L5,xgb,median,2,4,0.9333333333333333,0.892812049062049,152,37,21.233997106552124,cv
L4r,xgb,median,0,0,0.9035714285714287,0.9322390572390571,151,38,18.253406286239624,cv
L4r,xgb,median,0,1,0.9528619528619527,0.9327320827320827,151,38,26.22450590133667,cv
L4r,xgb,median,0,2,0.8282828282828283,0.9326659451659451,151,38,27.537434816360474,cv
L4r,xgb,median,0,3,0.9225589225589226,0.9115830928330928,151,38,28.573410987854004,cv
L4r,xgb,median,0,4,0.9296296296296296,0.9089871933621934,152,37,27.384117364883423,cv
L4r,xgb,median,1,0,0.8964285714285714,0.9045454545454545,151,38,13.05625033378601,cv
L4r,xgb,median,1,1,0.9595959595959596,0.8966660654160654,151,38,19.185267448425293,cv
L4r,xgb,median,1,2,0.9562289562289562,0.9245460557960558,151,38,18.634260892868042,cv
L4r,xgb,median,1,3,0.9932659932659933,0.8923671236171236,151,38,13.253246307373047,cv
L4r,xgb,median,1,4,0.7666666666666666,0.9483706108706109,152,37,11.416778326034546,cv
L4r,xgb,median,2,0,0.8803571428571428,0.9352693602693603,151,38,27.13471746444702,cv
L4r,xgb,median,2,1,0.8417508417508417,0.9412337662337662,151,38,23.558318614959717,cv
L4r,xgb,median,2,2,0.9764309764309764,0.9054368085618085,151,38,15.60950517654419,cv
L4r,xgb,median,2,3,0.9393939393939393,0.8892000360750361,151,38,16.919029712677002,cv
L4r,xgb,median,2,4,0.9333333333333333,0.9152356902356902,152,37,17.154259204864502,cv
L5,xgb,mean,0,0,0.9071428571428573,0.8932659932659933,151,38,17.981427907943726,sens
L5,xgb,mean,0,1,0.8956228956228955,0.9009289321789322,151,38,14.838775873184204,sens
L5,xgb,mean,0,2,0.7777777777777778,0.9108525733525733,151,38,16.079649209976196,sens
L5,xgb,mean,0,3,0.8855218855218856,0.8747113997113997,151,38,25.804336071014404,sens
L5,xgb,mean,0,4,0.962962962962963,0.8825727513227514,152,37,24.521857023239136,sens
L5,xgb,knn,0,0,0.9214285714285715,0.8872895622895622,151,38,29.82565927505493,sens
L5,xgb,knn,0,1,0.9259259259259258,0.8988726551226551,151,38,23.505154848098755,sens
L5,xgb,knn,0,2,0.7912457912457912,0.9076058201058201,151,38,16.14077067375183,sens
L5,xgb,knn,0,3,0.936026936026936,0.8795424482924483,151,38,16.412209033966064,sens
L5,xgb,knn,0,4,0.9481481481481481,0.8784917628667628,152,37,27.885944366455078,sens
L5,xgb,iterative,0,0,0.9178571428571428,0.8917508417508416,151,38,46.134843826293945,sens
L5,xgb,iterative,0,1,0.9090909090909092,0.9007215007215008,151,38,26.661104202270508,sens
L5,xgb,iterative,0,2,0.8148148148148148,0.9161946849446849,151,38,31.521025896072388,sens
L5,xgb,iterative,0,3,0.936026936026936,0.8700306637806638,151,38,36.20163536071777,sens
L5,xgb,iterative,0,4,0.937037037037037,0.8900342712842713,152,37,31.2906174659729,sens
L5,xgb,locf,0,0,0.9428571428571428,0.9072390572390572,151,38,23.94269371032715,sens
L5,xgb,locf,0,1,0.8855218855218855,0.9110780423280422,151,38,21.517783164978027,sens
L5,xgb,locf,0,2,0.8047138047138047,0.9111952861952861,151,38,31.01822543144226,sens
L5,xgb,locf,0,3,0.9090909090909091,0.8683892496392496,151,38,32.4032928943634,sens
L5,xgb,locf,0,4,0.9851851851851852,0.8950983044733044,152,37,31.824126482009888,sens
missing_only,xgb,median,0,0,0.7696428571428572,0.6679292929292929,151,38,23.519999027252197,check
missing_only,xgb,median,0,1,0.5959595959595959,0.702340367965368,151,38,14.644462585449219,check
missing_only,xgb,median,0,2,0.6464646464646464,0.6978700697450698,151,38,11.23257327079773,check
missing_only,xgb,median,0,3,0.6228956228956228,0.7135582010582011,151,38,10.267827272415161,check
missing_only,xgb,median,0,4,0.6777777777777778,0.6802564333814334,152,37,10.635481357574463,check
missing_only,xgb,median,1,0,0.7857142857142857,0.6621632996632997,151,38,7.5109312534332275,check
missing_only,xgb,median,1,1,0.5858585858585859,0.7403318903318903,151,38,12.651172637939453,check
missing_only,xgb,median,1,2,0.734006734006734,0.6770171957671958,151,38,8.237256288528442,check
missing_only,xgb,median,1,3,0.7053872053872053,0.6805435305435306,151,38,9.101399183273315,check
missing_only,xgb,median,1,4,0.6407407407407406,0.7091871091871091,152,37,9.23172926902771,check
missing_only,xgb,median,2,0,0.7678571428571428,0.6893097643097643,151,38,8.543412923812866,check
missing_only,xgb,median,2,1,0.6481481481481481,0.7216585497835497,151,38,8.915565490722656,check
missing_only,xgb,median,2,2,0.7491582491582491,0.6817264911014911,151,38,5.808307886123657,check
missing_only,xgb,median,2,3,0.6397306397306397,0.6986411736411736,151,38,11.931432247161865,check
missing_only,xgb,median,2,4,0.5777777777777778,0.7259514790764791,152,37,6.367945432662964,check
study_only,xgb,median,0,0,0.7589285714285714,0.6571127946127946,151,38,4.209865570068359,check
study_only,xgb,median,0,1,0.6178451178451178,0.6955297017797017,151,38,3.876354455947876,check
study_only,xgb,median,0,2,0.744107744107744,0.6616011303511303,151,38,4.865058660507202,check
study_only,xgb,median,0,3,0.6313131313131313,0.6946939634439634,151,38,3.1721243858337402,check
study_only,xgb,median,0,4,0.6388888888888888,0.693226911976912,152,37,3.720942735671997,check
study_only,xgb,median,1,0,0.7535714285714286,0.6639309764309764,151,38,3.1933510303497314,check
study_only,xgb,median,1,1,0.606060606060606,0.7029521404521404,151,38,5.558777809143066,check
study_only,xgb,median,1,2,0.7053872053872053,0.6794672919672919,151,38,4.051640510559082,check
study_only,xgb,median,1,3,0.7289562289562289,0.6677429052429052,151,38,5.569885015487671,check
study_only,xgb,median,1,4,0.6166666666666667,0.6907828282828282,152,37,4.651649475097656,check
study_only,xgb,median,2,0,0.7964285714285714,0.6545454545454545,151,38,3.5556282997131348,check
study_only,xgb,median,2,1,0.6565656565656566,0.6910098003848004,151,38,3.9132003784179688,check
study_only,xgb,median,2,2,0.7996632996632996,0.6494047619047619,151,38,4.7418928146362305,check
study_only,xgb,median,2,3,0.6111111111111112,0.6974371693121693,151,38,4.077259302139282,check
study_only,xgb,median,2,4,0.5703703703703704,0.7119603775853776,152,37,4.2924909591674805,check
L1,enet,median,0,0,0.8285714285714285,0.7996632996632996,151,38,0.510333776473999,cv
L1,enet,median,0,1,0.797979797979798,0.805940355940356,151,38,0.5368945598602295,cv
L1,enet,median,0,2,0.6835016835016835,0.8341089466089466,151,38,0.5263967514038086,cv
L1,enet,median,0,3,0.8114478114478115,0.8136904761904762,151,38,0.49727606773376465,cv
L1,enet,median,0,4,0.8555555555555555,0.8083062770562771,152,37,0.48878955841064453,cv
L1,enet,median,1,0,0.8714285714285714,0.8076599326599325,151,38,0.5160348415374756,cv
L1,enet,median,1,1,0.8585858585858586,0.8278108465608465,151,38,0.5177090167999268,cv
L1,enet,median,1,2,0.8787878787878788,0.7885882635882635,151,38,0.5497913360595703,cv
L1,enet,median,1,3,0.8383838383838385,0.7829936267436267,151,38,0.5440616607666016,cv
L1,enet,median,1,4,0.6518518518518519,0.8445496632996633,152,37,0.5310118198394775,cv
L1,enet,median,2,0,0.8,0.819949494949495,151,38,0.5891435146331787,cv
L1,enet,median,2,1,0.6835016835016835,0.8443873256373257,151,38,0.5713362693786621,cv
L1,enet,median,2,2,0.845117845117845,0.7920454545454546,151,38,0.5832922458648682,cv
L1,enet,median,2,3,0.8383838383838383,0.788936988936989,151,38,0.5718064308166504,cv
L1,enet,median,2,4,0.8407407407407408,0.7957551707551709,152,37,0.6990551948547363,cv
L2,enet,median,0,0,0.8571428571428572,0.8289562289562289,151,38,0.6136002540588379,cv
L2,enet,median,0,1,0.835016835016835,0.8201328763828764,151,38,0.7926275730133057,cv
L2,enet,median,0,2,0.6498316498316499,0.8620941558441558,151,38,0.6015477180480957,cv
L2,enet,median,0,3,0.8181818181818182,0.8196669071669072,151,38,0.6096844673156738,cv
L2,enet,median,0,4,0.8740740740740741,0.8135612073112073,152,37,0.841672420501709,cv
L2,enet,median,1,0,0.8928571428571429,0.8167508417508418,151,38,0.781315803527832,cv
L2,enet,median,1,1,0.8552188552188552,0.820520683020683,151,38,0.7603890895843506,cv
L2,enet,median,1,2,0.8720538720538721,0.7979858104858105,151,38,0.5630807876586914,cv
L2,enet,median,1,3,0.8821548821548821,0.7948953823953825,151,38,0.7069692611694336,cv
L2,enet,median,1,4,0.6777777777777778,0.8650853775853776,152,37,0.5720763206481934,cv
L2,enet,median,2,0,0.8071428571428572,0.8528619528619529,151,38,0.7314841747283936,cv
L2,enet,median,2,1,0.6835016835016835,0.88006253006253,151,38,0.5659763813018799,cv
L2,enet,median,2,2,0.8484848484848485,0.8124037999037999,151,38,0.5538766384124756,cv
L2,enet,median,2,3,0.8787878787878788,0.7887175324675324,151,38,0.8080558776855469,cv
L2,enet,median,2,4,0.8444444444444443,0.8206259018759019,152,37,0.6963894367218018,cv
L3,enet,median,0,0,0.8785714285714286,0.8261784511784511,151,38,1.0330510139465332,cv
L3,enet,median,0,1,0.7878787878787878,0.859493746993747,151,38,0.803900957107544,cv
L3,enet,median,0,2,0.7239057239057239,0.8699074074074074,151,38,0.8941648006439209,cv
L3,enet,median,0,3,0.8451178451178452,0.8596681096681096,151,38,0.6539013385772705,cv
L3,enet,median,0,4,0.9,0.8269270081770081,152,37,1.0789604187011719,cv
L3,enet,median,1,0,0.8321428571428572,0.828114478114478,151,38,0.6867375373840332,cv
L3,enet,median,1,1,0.8653198653198654,0.8386153198653199,151,38,0.818018913269043,cv
L3,enet,median,1,2,0.8754208754208754,0.8228354978354978,151,38,0.8053803443908691,cv
L3,enet,median,1,3,0.9292929292929292,0.7959746272246272,151,38,0.6932802200317383,cv
L3,enet,median,1,4,0.7222222222222222,0.8631974506974507,152,37,0.950488805770874,cv
L3,enet,median,2,0,0.8142857142857144,0.866919191919192,151,38,0.6213564872741699,cv
L3,enet,median,2,1,0.7676767676767676,0.8885491822991823,151,38,0.954509973526001,cv
L3,enet,median,2,2,0.8787878787878788,0.8443632756132756,151,38,0.6407549381256104,cv
L3,enet,median,2,3,0.8956228956228957,0.8131403318903319,151,38,0.9892234802246094,cv
L3,enet,median,2,4,0.8592592592592592,0.8165434102934104,152,37,0.6828019618988037,cv
L4,enet,median,0,0,0.975,0.9265993265993266,151,38,0.6912715435028076,cv
L4,enet,median,0,1,0.9528619528619529,0.9018638768638768,151,38,0.6128554344177246,cv
L4,enet,median,0,2,0.8316498316498318,0.9550084175084175,151,38,0.8385574817657471,cv
L4,enet,median,0,3,0.9393939393939393,0.9186447811447811,151,38,0.8317973613739014,cv
L4,enet,median,0,4,0.9629629629629629,0.8969215969215969,152,37,0.7444579601287842,cv
L4,enet,median,1,0,0.8785714285714286,0.9453703703703704,151,38,0.8558332920074463,cv
L4,enet,median,1,1,0.9764309764309764,0.9063522126022125,151,38,0.6480741500854492,cv
L4,enet,median,1,2,0.9663299663299663,0.904563492063492,151,38,0.8022801876068115,cv
L4,enet,median,1,3,0.9865319865319865,0.8852092352092352,151,38,0.6620843410491943,cv
L4,enet,median,1,4,0.8074074074074075,0.9295695045695046,152,37,0.7969400882720947,cv
L4,enet,median,2,0,0.925,0.9259259259259259,151,38,0.6156201362609863,cv
L4,enet,median,2,1,0.8316498316498315,0.9645532708032708,151,38,0.8615593910217285,cv
L4,enet,median,2,2,0.9393939393939393,0.9215969215969215,151,38,0.8097748756408691,cv
L4,enet,median,2,3,0.9831649831649831,0.8975499037999037,151,38,0.9223232269287109,cv
L4,enet,median,2,4,0.9222222222222223,0.9276575276575276,152,37,0.8193130493164062,cv
L5,enet,median,0,0,0.975,0.9282828282828283,151,38,1.0182263851165771,cv
L5,enet,median,0,1,0.9629629629629629,0.9054533429533429,151,38,0.8818817138671875,cv
L5,enet,median,0,2,0.8282828282828283,0.9549242424242425,151,38,0.6995692253112793,cv
L5,enet,median,0,3,0.9427609427609427,0.920496632996633,151,38,0.6980822086334229,cv
L5,enet,median,0,4,0.9629629629629629,0.9011814574314574,152,37,1.0755383968353271,cv
L5,enet,median,1,0,0.8714285714285714,0.9393939393939394,151,38,0.9682238101959229,cv
L5,enet,median,1,1,0.9797979797979798,0.9088955026455026,151,38,0.9115016460418701,cv
L5,enet,median,1,2,0.9629629629629629,0.9059253246753246,151,38,0.8603873252868652,cv
L5,enet,median,1,3,0.9865319865319865,0.8877525252525252,151,38,0.7426755428314209,cv
L5,enet,median,1,4,0.8037037037037037,0.9321969696969697,152,37,0.7161233425140381,cv
L5,enet,median,2,0,0.925,0.9284511784511784,151,38,0.9065501689910889,cv
L5,enet,median,2,1,0.8282828282828283,0.9635612073112074,151,38,0.944023847579956,cv
L5,enet,median,2,2,0.9393939393939393,0.921732202982203,151,38,0.7073404788970947,cv
L5,enet,median,2,3,0.9730639730639731,0.901034151034151,151,38,0.815913200378418,cv
L5,enet,median,2,4,0.9259259259259259,0.9259740259740259,152,37,1.0469143390655518,cv
L4r,enet,median,0,0,0.9107142857142857,0.9441919191919191,151,38,1.0548553466796875,cv
L4r,enet,median,0,1,0.9831649831649831,0.9187680375180376,151,38,0.9276416301727295,cv
L4r,enet,median,0,2,0.8585858585858587,0.9389279701779703,151,38,1.0001416206359863,cv
L4r,enet,median,0,3,0.962962962962963,0.9179834054834054,151,38,1.010200023651123,cv
L4r,enet,median,0,4,0.9370370370370371,0.9172769360269359,152,37,1.0096917152404785,cv
L4r,enet,median,1,0,0.8642857142857143,0.930976430976431,151,38,0.7655236721038818,cv
L4r,enet,median,1,1,0.9595959595959596,0.907699013949014,151,38,1.0101406574249268,cv
L4r,enet,median,1,2,0.9764309764309764,0.9151094276094276,151,38,0.6812834739685059,cv
L4r,enet,median,1,3,0.9865319865319865,0.8871272246272246,151,38,1.0948469638824463,cv
L4r,enet,median,1,4,0.762962962962963,0.9462271524771524,152,37,0.6817715167999268,cv
L4r,enet,median,2,0,0.9214285714285715,0.9367003367003366,151,38,0.99212646484375,cv
L4r,enet,median,2,1,0.8047138047138047,0.9529551467051467,151,38,1.0971062183380127,cv
L4r,enet,median,2,2,0.9663299663299663,0.9049212361712362,151,38,0.6960089206695557,cv
L4r,enet,median,2,3,0.9494949494949495,0.9035924723424724,151,38,1.1666672229766846,cv
L4r,enet,median,2,4,0.8962962962962963,0.9352092352092353,152,37,0.7374517917633057,cv
L5,enet,mean,0,0,0.9714285714285714,0.9267676767676768,151,38,1.0142009258270264,sens
L5,enet,mean,0,1,0.9629629629629629,0.9054022366522367,151,38,0.9570760726928711,sens
L5,enet,mean,0,2,0.8282828282828283,0.9539983164983166,151,38,0.8858630657196045,sens
L5,enet,mean,0,3,0.9461279461279462,0.916943241943242,151,38,0.7032124996185303,sens
L5,enet,mean,0,4,0.9592592592592593,0.897814454064454,152,37,1.1009626388549805,sens
L5,enet,knn,0,0,0.9821428571428572,0.918939393939394,151,38,1.2305858135223389,sens
L5,enet,knn,0,1,0.9629629629629629,0.9011243386243386,151,38,1.5732553005218506,sens
L5,enet,knn,0,2,0.835016835016835,0.9559523809523809,151,38,1.1386289596557617,sens
L5,enet,knn,0,3,0.962962962962963,0.9276034151034152,151,38,1.2192299365997314,sens
L5,enet,knn,0,4,0.9296296296296296,0.8912848725348727,152,37,1.8243727684020996,sens
L5,enet,iterative,0,0,0.9535714285714285,0.9281986531986532,151,38,8.67371678352356,sens
L5,enet,iterative,0,1,0.9595959595959596,0.9148478835978836,151,38,9.666947603225708,sens
L5,enet,iterative,0,2,0.8316498316498318,0.9566768879268879,151,38,10.27293586730957,sens
L5,enet,iterative,0,3,0.9663299663299663,0.9261724386724387,151,38,12.84707522392273,sens
L5,enet,iterative,0,4,0.9592592592592593,0.9089105339105339,152,37,10.258697748184204,sens
L5,enet,locf,0,0,0.9642857142857143,0.927020202020202,151,38,1.732226848602295,sens
L5,enet,locf,0,1,0.9730639730639731,0.9026394901394901,151,38,1.5901851654052734,sens
L5,enet,locf,0,2,0.835016835016835,0.9582762145262145,151,38,1.2012083530426025,sens
L5,enet,locf,0,3,0.9461279461279462,0.9382094757094757,151,38,1.2482795715332031,sens
L5,enet,locf,0,4,0.9925925925925927,0.9015392015392014,152,37,1.3635659217834473,sens
missing_only,enet,median,0,0,0.7589285714285714,0.6320286195286196,151,38,0.8181545734405518,check
missing_only,enet,median,0,1,0.5875420875420876,0.6981541606541607,151,38,0.7797389030456543,check
missing_only,enet,median,0,2,0.7205387205387206,0.6763002044252044,151,38,0.5605401992797852,check
missing_only,enet,median,0,3,0.6346801346801346,0.6977317821067821,151,38,0.8130178451538086,check
missing_only,enet,median,0,4,0.7240740740740742,0.6359728234728235,152,37,0.8646523952484131,check
missing_only,enet,median,1,0,0.7607142857142858,0.6262626262626263,151,38,0.5761346817016602,check
missing_only,enet,median,1,1,0.5471380471380471,0.7165088383838384,151,38,0.8330845832824707,check
missing_only,enet,median,1,2,0.5353535353535355,0.6338203463203465,151,38,0.5759108066558838,check
missing_only,enet,median,1,3,0.6582491582491582,0.6792117604617605,151,38,0.8177695274353027,check
missing_only,enet,median,1,4,0.6203703703703703,0.7163810726310726,152,37,0.570364236831665,check
missing_only,enet,median,2,0,0.7821428571428571,0.6341750841750842,151,38,0.5676813125610352,check
missing_only,enet,median,2,1,0.6498316498316499,0.6902146464646466,151,38,0.8201375007629395,check
missing_only,enet,median,2,2,0.5471380471380471,0.6885311447811447,151,38,0.6002907752990723,check
missing_only,enet,median,2,3,0.5218855218855218,0.70501443001443,151,38,0.8284847736358643,check
missing_only,enet,median,2,4,0.5851851851851853,0.7216660654160654,152,37,0.9756550788879395,check
study_only,enet,median,0,0,0.7589285714285714,0.6571127946127946,151,38,0.5084977149963379,check
study_only,enet,median,0,1,0.6178451178451178,0.6955297017797017,151,38,0.4810965061187744,check
study_only,enet,median,0,2,0.744107744107744,0.6616011303511303,151,38,0.8322539329528809,check
study_only,enet,median,0,3,0.6313131313131313,0.6946939634439634,151,38,0.5108654499053955,check
study_only,enet,median,0,4,0.6388888888888888,0.693226911976912,152,37,0.5148756504058838,check
study_only,enet,median,1,0,0.7535714285714286,0.6639309764309764,151,38,0.8224155902862549,check
study_only,enet,median,1,1,0.606060606060606,0.7029521404521404,151,38,0.5378849506378174,check
study_only,enet,median,1,2,0.7053872053872053,0.6794672919672919,151,38,0.7877340316772461,check
study_only,enet,median,1,3,0.7289562289562289,0.6677429052429052,151,38,0.6666693687438965,check
study_only,enet,median,1,4,0.6166666666666667,0.6907828282828282,152,37,0.5311574935913086,check
study_only,enet,median,2,0,0.7964285714285714,0.6545454545454545,151,38,0.5315258502960205,check
study_only,enet,median,2,1,0.6565656565656566,0.6910098003848004,151,38,0.6435706615447998,check
study_only,enet,median,2,2,0.7996632996632996,0.6494047619047619,151,38,0.5212998390197754,check
study_only,enet,median,2,3,0.6111111111111112,0.6974371693121693,151,38,0.7049119472503662,check
study_only,enet,median,2,4,0.5703703703703704,0.7119603775853776,152,37,0.5203993320465088,check
