tag,algo,precision,recall,auprc,prevalence
L1,enet,0.7195767195767195,1.0,0.8873031424096209,0.7195767195767195
L1,enet,0.723404255319149,1.0,0.8873031424096209,0.7195767195767195
L1,enet,0.7272727272727273,1.0,0.8873031424096209,0.7195767195767195
L1,enet,0.7311827956989247,1.0,0.8873031424096209,0.7195767195767195
L1,enet,0.7297297297297297,0.9926470588235294,0.8873031424096209,0.7195767195767195
L1,enet,0.7336956521739131,0.9926470588235294,0.8873031424096209,0.7195767195767195
L1,enet,0.73224043715847,0.9852941176470589,0.8873031424096209,0.7195767195767195
L1,enet,0.7362637362637363,0.9852941176470589,0.8873031424096209,0.7195767195767195
L1,enet,0.7348066298342542,0.9779411764705882,0.8873031424096209,0.7195767195767195
L1,enet,0.7388888888888889,0.9779411764705882,0.8873031424096209,0.7195767195767195
L1,enet,0.7430167597765364,0.9779411764705882,0.8873031424096209,0.7195767195767195
L1,enet,0.7415730337078652,0.9705882352941176,0.8873031424096209,0.7195767195767195
L1,enet,0.7457627118644068,0.9705882352941176,0.8873031424096209,0.7195767195767195
L1,enet,0.75,0.9705882352941176,0.8873031424096209,0.7195767195767195
L1,enet,0.7542857142857143,0.9705882352941176,0.8873031424096209,0.7195767195767195
L1,enet,0.7528735632183908,0.9632352941176471,0.8873031424096209,0.7195767195767195
L1,enet,0.7572254335260116,0.9632352941176471,0.8873031424096209,0.7195767195767195
L1,enet,0.7558139534883721,0.9558823529411765,0.8873031424096209,0.7195767195767195
L1,enet,0.7602339181286549,0.9558823529411765,0.8873031424096209,0.7195767195767195
L1,enet,0.7647058823529411,0.9558823529411765,0.8873031424096209,0.7195767195767195
L1,enet,0.7633136094674556,0.9485294117647058,0.8873031424096209,0.7195767195767195
L1,enet,0.7678571428571429,0.9485294117647058,0.8873031424096209,0.7195767195767195
L1,enet,0.7724550898203593,0.9485294117647058,0.8873031424096209,0.7195767195767195
L1,enet,0.7710843373493976,0.9411764705882353,0.8873031424096209,0.7195767195767195
L1,enet,0.7696969696969697,0.9338235294117647,0.8873031424096209,0.7195767195767195
L1,enet,0.7682926829268293,0.9264705882352942,0.8873031424096209,0.7195767195767195
L1,enet,0.7730061349693251,0.9264705882352942,0.8873031424096209,0.7195767195767195
L1,enet,0.7777777777777778,0.9264705882352942,0.8873031424096209,0.7195767195767195
L1,enet,0.7763975155279503,0.9191176470588235,0.8873031424096209,0.7195767195767195
L1,enet,0.775,0.9117647058823529,0.8873031424096209,0.7195767195767195
L1,enet,0.779874213836478,0.9117647058823529,0.8873031424096209,0.7195767195767195
L1,enet,0.7784810126582279,0.9044117647058824,0.8873031424096209,0.7195767195767195
L1,enet,0.7834394904458599,0.9044117647058824,0.8873031424096209,0.7195767195767195
L1,enet,0.7884615384615384,0.9044117647058824,0.8873031424096209,0.7195767195767195
L1,enet,0.7935483870967742,0.9044117647058824,0.8873031424096209,0.7195767195767195
L1,enet,0.7922077922077922,0.8970588235294118,0.8873031424096209,0.7195767195767195
L1,enet,0.7973856209150327,0.8970588235294118,0.8873031424096209,0.7195767195767195
L1,enet,0.8026315789473685,0.8970588235294118,0.8873031424096209,0.7195767195767195
L1,enet,0.8079470198675497,0.8970588235294118,0.8873031424096209,0.7195767195767195
L1,enet,0.8133333333333334,0.8970588235294118,0.8873031424096209,0.7195767195767195
L1,enet,0.8187919463087249,0.8970588235294118,0.8873031424096209,0.7195767195767195
L1,enet,0.8243243243243243,0.8970588235294118,0.8873031424096209,0.7195767195767195
L1,enet,0.8299319727891157,0.8970588235294118,0.8873031424096209,0.7195767195767195
L1,enet,0.8287671232876712,0.8897058823529411,0.8873031424096209,0.7195767195767195
L1,enet,0.8275862068965517,0.8823529411764706,0.8873031424096209,0.7195767195767195
L1,enet,0.8263888888888888,0.875,0.8873031424096209,0.7195767195767195
L1,enet,0.8251748251748252,0.8676470588235294,0.8873031424096209,0.7195767195767195
L1,enet,0.823943661971831,0.8602941176470589,0.8873031424096209,0.7195767195767195
L1,enet,0.8297872340425532,0.8602941176470589,0.8873031424096209,0.7195767195767195
L1,enet,0.8285714285714286,0.8529411764705882,0.8873031424096209,0.7195767195767195
L1,enet,0.8273381294964028,0.8455882352941176,0.8873031424096209,0.7195767195767195
L1,enet,0.8333333333333334,0.8455882352941176,0.8873031424096209,0.7195767195767195
L1,enet,0.8321167883211679,0.8382352941176471,0.8873031424096209,0.7195767195767195
L1,enet,0.8382352941176471,0.8382352941176471,0.8873031424096209,0.7195767195767195
L1,enet,0.837037037037037,0.8308823529411765,0.8873031424096209,0.7195767195767195
L1,enet,0.835820895522388,0.8235294117647058,0.8873031424096209,0.7195767195767195
L1,enet,0.8421052631578947,0.8235294117647058,0.8873031424096209,0.7195767195767195
L1,enet,0.8409090909090909,0.8161764705882353,0.8873031424096209,0.7195767195767195
L1,enet,0.8473282442748091,0.8161764705882353,0.8873031424096209,0.7195767195767195
L1,enet,0.8461538461538461,0.8088235294117647,0.8873031424096209,0.7195767195767195
L1,enet,0.8449612403100775,0.8014705882352942,0.8873031424096209,0.7195767195767195
L1,enet,0.84375,0.7941176470588235,0.8873031424096209,0.7195767195767195
L1,enet,0.84251968503937,0.7867647058823529,0.8873031424096209,0.7195767195767195
L1,enet,0.8412698412698413,0.7794117647058824,0.8873031424096209,0.7195767195767195
L1,enet,0.84,0.7720588235294118,0.8873031424096209,0.7195767195767195
L1,enet,0.8387096774193549,0.7647058823529411,0.8873031424096209,0.7195767195767195
L1,enet,0.8373983739837398,0.7573529411764706,0.8873031424096209,0.7195767195767195
L1,enet,0.8360655737704918,0.75,0.8873031424096209,0.7195767195767195
L1,enet,0.8429752066115702,0.75,0.8873031424096209,0.7195767195767195
L1,enet,0.8416666666666667,0.7426470588235294,0.8873031424096209,0.7195767195767195
L1,enet,0.8487394957983193,0.7426470588235294,0.8873031424096209,0.7195767195767195
L1,enet,0.847457627118644,0.7352941176470589,0.8873031424096209,0.7195767195767195
L1,enet,0.8461538461538461,0.7279411764705882,0.8873031424096209,0.7195767195767195
L1,enet,0.8448275862068966,0.7205882352941176,0.8873031424096209,0.7195767195767195
L1,enet,0.8521739130434782,0.7205882352941176,0.8873031424096209,0.7195767195767195
L1,enet,0.8508771929824561,0.7132352941176471,0.8873031424096209,0.7195767195767195
L1,enet,0.8495575221238938,0.7058823529411765,0.8873031424096209,0.7195767195767195
L1,enet,0.8571428571428571,0.7058823529411765,0.8873031424096209,0.7195767195767195
L1,enet,0.8558558558558559,0.6985294117647058,0.8873031424096209,0.7195767195767195
L1,enet,0.8545454545454545,0.6911764705882353,0.8873031424096209,0.7195767195767195
L1,enet,0.8532110091743119,0.6838235294117647,0.8873031424096209,0.7195767195767195
L1,enet,0.8518518518518519,0.6764705882352942,0.8873031424096209,0.7195767195767195
L1,enet,0.8598130841121495,0.6764705882352942,0.8873031424096209,0.7195767195767195
L1,enet,0.8584905660377359,0.6691176470588235,0.8873031424096209,0.7195767195767195
L1,enet,0.8666666666666667,0.6691176470588235,0.8873031424096209,0.7195767195767195
L1,enet,0.875,0.6691176470588235,0.8873031424096209,0.7195767195767195
L1,enet,0.8737864077669902,0.6617647058823529,0.8873031424096209,0.7195767195767195
L1,enet,0.8823529411764706,0.6617647058823529,0.8873031424096209,0.7195767195767195
L1,enet,0.8811881188118812,0.6544117647058824,0.8873031424096209,0.7195767195767195
L1,enet,0.89,0.6544117647058824,0.8873031424096209,0.7195767195767195
L1,enet,0.898989898989899,0.6544117647058824,0.8873031424096209,0.7195767195767195
L1,enet,0.8979591836734694,0.6470588235294118,0.8873031424096209,0.7195767195767195
L1,enet,0.9072164948453608,0.6470588235294118,0.8873031424096209,0.7195767195767195
L1,enet,0.90625,0.6397058823529411,0.8873031424096209,0.7195767195767195
L1,enet,0.9052631578947369,0.6323529411764706,0.8873031424096209,0.7195767195767195
L1,enet,0.9042553191489362,0.625,0.8873031424096209,0.7195767195767195
L1,enet,0.9139784946236559,0.625,0.8873031424096209,0.7195767195767195
L1,enet,0.9130434782608695,0.6176470588235294,0.8873031424096209,0.7195767195767195
L1,enet,0.9230769230769231,0.6176470588235294,0.8873031424096209,0.7195767195767195
L1,enet,0.9222222222222223,0.6102941176470589,0.8873031424096209,0.7195767195767195
L1,enet,0.9213483146067416,0.6029411764705882,0.8873031424096209,0.7195767195767195
L1,enet,0.9204545454545454,0.5955882352941176,0.8873031424096209,0.7195767195767195
L1,enet,0.9310344827586207,0.5955882352941176,0.8873031424096209,0.7195767195767195
L1,enet,0.9302325581395349,0.5882352941176471,0.8873031424096209,0.7195767195767195
L1,enet,0.9294117647058824,0.5808823529411765,0.8873031424096209,0.7195767195767195
L1,enet,0.9404761904761905,0.5808823529411765,0.8873031424096209,0.7195767195767195
L1,enet,0.9397590361445783,0.5735294117647058,0.8873031424096209,0.7195767195767195
L1,enet,0.9390243902439024,0.5661764705882353,0.8873031424096209,0.7195767195767195
L1,enet,0.9382716049382716,0.5588235294117647,0.8873031424096209,0.7195767195767195
L1,enet,0.95,0.5588235294117647,0.8873031424096209,0.7195767195767195
L1,enet,0.9493670886075949,0.5514705882352942,0.8873031424096209,0.7195767195767195
L1,enet,0.9487179487179487,0.5441176470588235,0.8873031424096209,0.7195767195767195
L1,enet,0.948051948051948,0.5367647058823529,0.8873031424096209,0.7195767195767195
L1,enet,0.9473684210526315,0.5294117647058824,0.8873031424096209,0.7195767195767195
L1,enet,0.9466666666666667,0.5220588235294118,0.8873031424096209,0.7195767195767195
L1,enet,0.9459459459459459,0.5147058823529411,0.8873031424096209,0.7195767195767195
L1,enet,0.9452054794520548,0.5073529411764706,0.8873031424096209,0.7195767195767195
L1,enet,0.9444444444444444,0.5,0.8873031424096209,0.7195767195767195
L1,enet,0.9436619718309859,0.49264705882352944,0.8873031424096209,0.7195767195767195
L1,enet,0.9428571428571428,0.4852941176470588,0.8873031424096209,0.7195767195767195
L1,enet,0.9420289855072463,0.47794117647058826,0.8873031424096209,0.7195767195767195
L1,enet,0.9558823529411765,0.47794117647058826,0.8873031424096209,0.7195767195767195
L1,enet,0.9552238805970149,0.47058823529411764,0.8873031424096209,0.7195767195767195
L1,enet,0.9545454545454546,0.4632352941176471,0.8873031424096209,0.7195767195767195
L1,enet,0.9538461538461539,0.45588235294117646,0.8873031424096209,0.7195767195767195
L1,enet,0.953125,0.4485294117647059,0.8873031424096209,0.7195767195767195
L1,enet,0.9523809523809523,0.4411764705882353,0.8873031424096209,0.7195767195767195
L1,enet,0.9516129032258065,0.4338235294117647,0.8873031424096209,0.7195767195767195
L1,enet,0.9508196721311475,0.4264705882352941,0.8873031424096209,0.7195767195767195
L1,enet,0.95,0.41911764705882354,0.8873031424096209,0.7195767195767195
L1,enet,0.9491525423728814,0.4117647058823529,0.8873031424096209,0.7195767195767195
L1,enet,0.9482758620689655,0.40441176470588236,0.8873031424096209,0.7195767195767195
L1,enet,0.9473684210526315,0.39705882352941174,0.8873031424096209,0.7195767195767195
L1,enet,0.9464285714285714,0.3897058823529412,0.8873031424096209,0.7195767195767195
L1,enet,0.9454545454545454,0.38235294117647056,0.8873031424096209,0.7195767195767195
L1,enet,0.9444444444444444,0.375,0.8873031424096209,0.7195767195767195
L1,enet,0.9433962264150944,0.36764705882352944,0.8873031424096209,0.7195767195767195
L1,enet,0.9423076923076923,0.3602941176470588,0.8873031424096209,0.7195767195767195
L1,enet,0.9411764705882353,0.35294117647058826,0.8873031424096209,0.7195767195767195
L1,enet,0.94,0.34558823529411764,0.8873031424096209,0.7195767195767195
L1,enet,0.9387755102040817,0.3382352941176471,0.8873031424096209,0.7195767195767195
L1,enet,0.9375,0.33088235294117646,0.8873031424096209,0.7195767195767195
L1,enet,0.9361702127659575,0.3235294117647059,0.8873031424096209,0.7195767195767195
L1,enet,0.9347826086956522,0.3161764705882353,0.8873031424096209,0.7195767195767195
L1,enet,0.9333333333333333,0.3088235294117647,0.8873031424096209,0.7195767195767195
L1,enet,0.9318181818181818,0.3014705882352941,0.8873031424096209,0.7195767195767195
L1,enet,0.9302325581395349,0.29411764705882354,0.8873031424096209,0.7195767195767195
L1,enet,0.9285714285714286,0.2867647058823529,0.8873031424096209,0.7195767195767195
L1,enet,0.926829268292683,0.27941176470588236,0.8873031424096209,0.7195767195767195
L1,enet,0.925,0.27205882352941174,0.8873031424096209,0.7195767195767195
L1,enet,0.9230769230769231,0.2647058823529412,0.8873031424096209,0.7195767195767195
L1,enet,0.9210526315789473,0.25735294117647056,0.8873031424096209,0.7195767195767195
L1,enet,0.918918918918919,0.25,0.8873031424096209,0.7195767195767195
L1,enet,0.9166666666666666,0.2426470588235294,0.8873031424096209,0.7195767195767195
L1,enet,0.9142857142857143,0.23529411764705882,0.8873031424096209,0.7195767195767195
L1,enet,0.9117647058823529,0.22794117647058823,0.8873031424096209,0.7195767195767195
L1,enet,0.9090909090909091,0.22058823529411764,0.8873031424096209,0.7195767195767195
L1,enet,0.9375,0.22058823529411764,0.8873031424096209,0.7195767195767195
L1,enet,0.9354838709677419,0.21323529411764705,0.8873031424096209,0.7195767195767195
L1,enet,0.9333333333333333,0.20588235294117646,0.8873031424096209,0.7195767195767195
L1,enet,0.9655172413793104,0.20588235294117646,0.8873031424096209,0.7195767195767195
L1,enet,0.9642857142857143,0.19852941176470587,0.8873031424096209,0.7195767195767195
L1,enet,0.9629629629629629,0.19117647058823528,0.8873031424096209,0.7195767195767195
L1,enet,0.9615384615384616,0.18382352941176472,0.8873031424096209,0.7195767195767195
L1,enet,0.96,0.17647058823529413,0.8873031424096209,0.7195767195767195
L1,enet,0.9583333333333334,0.16911764705882354,0.8873031424096209,0.7195767195767195
L1,enet,0.9565217391304348,0.16176470588235295,0.8873031424096209,0.7195767195767195
L1,enet,0.9545454545454546,0.15441176470588236,0.8873031424096209,0.7195767195767195
L1,enet,0.9523809523809523,0.14705882352941177,0.8873031424096209,0.7195767195767195
L1,enet,0.95,0.13970588235294118,0.8873031424096209,0.7195767195767195
L1,enet,0.9473684210526315,0.1323529411764706,0.8873031424096209,0.7195767195767195
L1,enet,0.9444444444444444,0.125,0.8873031424096209,0.7195767195767195
L1,enet,0.9411764705882353,0.11764705882352941,0.8873031424096209,0.7195767195767195
L1,enet,0.9375,0.11029411764705882,0.8873031424096209,0.7195767195767195
L1,enet,0.9333333333333333,0.10294117647058823,0.8873031424096209,0.7195767195767195
L1,enet,0.9285714285714286,0.09558823529411764,0.8873031424096209,0.7195767195767195
L1,enet,0.9230769230769231,0.08823529411764706,0.8873031424096209,0.7195767195767195
L1,enet,0.9166666666666666,0.08088235294117647,0.8873031424096209,0.7195767195767195
L1,enet,0.9090909090909091,0.07352941176470588,0.8873031424096209,0.7195767195767195
L1,enet,0.9,0.0661764705882353,0.8873031424096209,0.7195767195767195
L1,enet,0.8888888888888888,0.058823529411764705,0.8873031424096209,0.7195767195767195
L1,enet,0.875,0.051470588235294115,0.8873031424096209,0.7195767195767195
L1,enet,0.8571428571428571,0.04411764705882353,0.8873031424096209,0.7195767195767195
L1,enet,0.8333333333333334,0.03676470588235294,0.8873031424096209,0.7195767195767195
L1,enet,0.8,0.029411764705882353,0.8873031424096209,0.7195767195767195
L1,enet,0.75,0.022058823529411766,0.8873031424096209,0.7195767195767195
L1,enet,0.6666666666666666,0.014705882352941176,0.8873031424096209,0.7195767195767195
L1,enet,0.5,0.007352941176470588,0.8873031424096209,0.7195767195767195
L1,enet,0.0,0.0,0.8873031424096209,0.7195767195767195
L1,enet,1.0,0.0,0.8873031424096209,0.7195767195767195
L4,enet,0.7195767195767195,1.0,0.9746691733089087,0.7195767195767195
L4,enet,0.723404255319149,1.0,0.9746691733089087,0.7195767195767195
L4,enet,0.7272727272727273,1.0,0.9746691733089087,0.7195767195767195
L4,enet,0.7258064516129032,0.9926470588235294,0.9746691733089087,0.7195767195767195
L4,enet,0.7297297297297297,0.9926470588235294,0.9746691733089087,0.7195767195767195
L4,enet,0.7336956521739131,0.9926470588235294,0.9746691733089087,0.7195767195767195
L4,enet,0.7377049180327869,0.9926470588235294,0.9746691733089087,0.7195767195767195
L4,enet,0.7417582417582418,0.9926470588235294,0.9746691733089087,0.7195767195767195
L4,enet,0.7458563535911602,0.9926470588235294,0.9746691733089087,0.7195767195767195
L4,enet,0.75,0.9926470588235294,0.9746691733089087,0.7195767195767195
L4,enet,0.7541899441340782,0.9926470588235294,0.9746691733089087,0.7195767195767195
L4,enet,0.7584269662921348,0.9926470588235294,0.9746691733089087,0.7195767195767195
L4,enet,0.7627118644067796,0.9926470588235294,0.9746691733089087,0.7195767195767195
L4,enet,0.7670454545454546,0.9926470588235294,0.9746691733089087,0.7195767195767195
L4,enet,0.7714285714285715,0.9926470588235294,0.9746691733089087,0.7195767195767195
L4,enet,0.7758620689655172,0.9926470588235294,0.9746691733089087,0.7195767195767195
L4,enet,0.7803468208092486,0.9926470588235294,0.9746691733089087,0.7195767195767195
L4,enet,0.7790697674418605,0.9852941176470589,0.9746691733089087,0.7195767195767195
L4,enet,0.7777777777777778,0.9779411764705882,0.9746691733089087,0.7195767195767195
L4,enet,0.7823529411764706,0.9779411764705882,0.9746691733089087,0.7195767195767195
L4,enet,0.7869822485207101,0.9779411764705882,0.9746691733089087,0.7195767195767195
L4,enet,0.7916666666666666,0.9779411764705882,0.9746691733089087,0.7195767195767195
L4,enet,0.7964071856287425,0.9779411764705882,0.9746691733089087,0.7195767195767195
L4,enet,0.8012048192771084,0.9779411764705882,0.9746691733089087,0.7195767195767195
L4,enet,0.8,0.9705882352941176,0.9746691733089087,0.7195767195767195
L4,enet,0.8048780487804879,0.9705882352941176,0.9746691733089087,0.7195767195767195
L4,enet,0.8098159509202454,0.9705882352941176,0.9746691733089087,0.7195767195767195
L4,enet,0.808641975308642,0.9632352941176471,0.9746691733089087,0.7195767195767195
L4,enet,0.8136645962732919,0.9632352941176471,0.9746691733089087,0.7195767195767195
L4,enet,0.81875,0.9632352941176471,0.9746691733089087,0.7195767195767195
L4,enet,0.8238993710691824,0.9632352941176471,0.9746691733089087,0.7195767195767195
L4,enet,0.8227848101265823,0.9558823529411765,0.9746691733089087,0.7195767195767195
L4,enet,0.8280254777070064,0.9558823529411765,0.9746691733089087,0.7195767195767195
L4,enet,0.8333333333333334,0.9558823529411765,0.9746691733089087,0.7195767195767195
L4,enet,0.832258064516129,0.9485294117647058,0.9746691733089087,0.7195767195767195
L4,enet,0.8376623376623377,0.9485294117647058,0.9746691733089087,0.7195767195767195
L4,enet,0.8431372549019608,0.9485294117647058,0.9746691733089087,0.7195767195767195
L4,enet,0.8486842105263158,0.9485294117647058,0.9746691733089087,0.7195767195767195
L4,enet,0.8543046357615894,0.9485294117647058,0.9746691733089087,0.7195767195767195
L4,enet,0.86,0.9485294117647058,0.9746691733089087,0.7195767195767195
L4,enet,0.8590604026845637,0.9411764705882353,0.9746691733089087,0.7195767195767195
L4,enet,0.8648648648648649,0.9411764705882353,0.9746691733089087,0.7195767195767195
L4,enet,0.8707482993197279,0.9411764705882353,0.9746691733089087,0.7195767195767195
L4,enet,0.8698630136986302,0.9338235294117647,0.9746691733089087,0.7195767195767195
L4,enet,0.8758620689655172,0.9338235294117647,0.9746691733089087,0.7195767195767195
L4,enet,0.875,0.9264705882352942,0.9746691733089087,0.7195767195767195
L4,enet,0.8741258741258742,0.9191176470588235,0.9746691733089087,0.7195767195767195
L4,enet,0.8802816901408451,0.9191176470588235,0.9746691733089087,0.7195767195767195
L4,enet,0.8794326241134752,0.9117647058823529,0.9746691733089087,0.7195767195767195
L4,enet,0.8785714285714286,0.9044117647058824,0.9746691733089087,0.7195767195767195
L4,enet,0.8848920863309353,0.9044117647058824,0.9746691733089087,0.7195767195767195
L4,enet,0.8913043478260869,0.9044117647058824,0.9746691733089087,0.7195767195767195
L4,enet,0.8978102189781022,0.9044117647058824,0.9746691733089087,0.7195767195767195
L4,enet,0.9044117647058824,0.9044117647058824,0.9746691733089087,0.7195767195767195
L4,enet,0.9111111111111111,0.9044117647058824,0.9746691733089087,0.7195767195767195
L4,enet,0.9104477611940298,0.8970588235294118,0.9746691733089087,0.7195767195767195
L4,enet,0.9097744360902256,0.8897058823529411,0.9746691733089087,0.7195767195767195
L4,enet,0.9166666666666666,0.8897058823529411,0.9746691733089087,0.7195767195767195
L4,enet,0.9236641221374046,0.8897058823529411,0.9746691733089087,0.7195767195767195
L4,enet,0.9230769230769231,0.8823529411764706,0.9746691733089087,0.7195767195767195
L4,enet,0.9302325581395349,0.8823529411764706,0.9746691733089087,0.7195767195767195
L4,enet,0.9375,0.8823529411764706,0.9746691733089087,0.7195767195767195
L4,enet,0.937007874015748,0.875,0.9746691733089087,0.7195767195767195
L4,enet,0.9444444444444444,0.875,0.9746691733089087,0.7195767195767195
L4,enet,0.944,0.8676470588235294,0.9746691733089087,0.7195767195767195
L4,enet,0.9435483870967742,0.8602941176470589,0.9746691733089087,0.7195767195767195
L4,enet,0.943089430894309,0.8529411764705882,0.9746691733089087,0.7195767195767195
L4,enet,0.9426229508196722,0.8455882352941176,0.9746691733089087,0.7195767195767195
L4,enet,0.9421487603305785,0.8382352941176471,0.9746691733089087,0.7195767195767195
L4,enet,0.9416666666666667,0.8308823529411765,0.9746691733089087,0.7195767195767195
L4,enet,0.9495798319327731,0.8308823529411765,0.9746691733089087,0.7195767195767195
L4,enet,0.9491525423728814,0.8235294117647058,0.9746691733089087,0.7195767195767195
L4,enet,0.9487179487179487,0.8161764705882353,0.9746691733089087,0.7195767195767195
L4,enet,0.9568965517241379,0.8161764705882353,0.9746691733089087,0.7195767195767195
L4,enet,0.9565217391304348,0.8088235294117647,0.9746691733089087,0.7195767195767195
L4,enet,0.956140350877193,0.8014705882352942,0.9746691733089087,0.7195767195767195
L4,enet,0.9557522123893806,0.7941176470588235,0.9746691733089087,0.7195767195767195
L4,enet,0.9553571428571429,0.7867647058823529,0.9746691733089087,0.7195767195767195
L4,enet,0.954954954954955,0.7794117647058824,0.9746691733089087,0.7195767195767195
L4,enet,0.9545454545454546,0.7720588235294118,0.9746691733089087,0.7195767195767195
L4,enet,0.9541284403669725,0.7647058823529411,0.9746691733089087,0.7195767195767195
L4,enet,0.9629629629629629,0.7647058823529411,0.9746691733089087,0.7195767195767195
L4,enet,0.9626168224299065,0.7573529411764706,0.9746691733089087,0.7195767195767195
L4,enet,0.9716981132075472,0.7573529411764706,0.9746691733089087,0.7195767195767195
L4,enet,0.9714285714285714,0.75,0.9746691733089087,0.7195767195767195
L4,enet,0.9711538461538461,0.7426470588235294,0.9746691733089087,0.7195767195767195
L4,enet,0.9805825242718447,0.7426470588235294,0.9746691733089087,0.7195767195767195
L4,enet,0.9803921568627451,0.7352941176470589,0.9746691733089087,0.7195767195767195
L4,enet,0.9801980198019802,0.7279411764705882,0.9746691733089087,0.7195767195767195
L4,enet,0.98,0.7205882352941176,0.9746691733089087,0.7195767195767195
L4,enet,0.9797979797979798,0.7132352941176471,0.9746691733089087,0.7195767195767195
L4,enet,0.9897959183673469,0.7132352941176471,0.9746691733089087,0.7195767195767195
L4,enet,1.0,0.7132352941176471,0.9746691733089087,0.7195767195767195
L4,enet,1.0,0.7058823529411765,0.9746691733089087,0.7195767195767195
L4,enet,1.0,0.6985294117647058,0.9746691733089087,0.7195767195767195
L4,enet,1.0,0.6911764705882353,0.9746691733089087,0.7195767195767195
L4,enet,1.0,0.6838235294117647,0.9746691733089087,0.7195767195767195
L4,enet,1.0,0.6764705882352942,0.9746691733089087,0.7195767195767195
L4,enet,1.0,0.6691176470588235,0.9746691733089087,0.7195767195767195
L4,enet,1.0,0.6617647058823529,0.9746691733089087,0.7195767195767195
L4,enet,1.0,0.6544117647058824,0.9746691733089087,0.7195767195767195
L4,enet,1.0,0.6470588235294118,0.9746691733089087,0.7195767195767195
L4,enet,1.0,0.6397058823529411,0.9746691733089087,0.7195767195767195
L4,enet,1.0,0.6323529411764706,0.9746691733089087,0.7195767195767195
L4,enet,1.0,0.625,0.9746691733089087,0.7195767195767195
L4,enet,1.0,0.6176470588235294,0.9746691733089087,0.7195767195767195
L4,enet,1.0,0.6102941176470589,0.9746691733089087,0.7195767195767195
L4,enet,1.0,0.6029411764705882,0.9746691733089087,0.7195767195767195
L4,enet,1.0,0.5955882352941176,0.9746691733089087,0.7195767195767195
L4,enet,1.0,0.5882352941176471,0.9746691733089087,0.7195767195767195
L4,enet,1.0,0.5808823529411765,0.9746691733089087,0.7195767195767195
L4,enet,1.0,0.5735294117647058,0.9746691733089087,0.7195767195767195
L4,enet,1.0,0.5661764705882353,0.9746691733089087,0.7195767195767195
L4,enet,1.0,0.5588235294117647,0.9746691733089087,0.7195767195767195
L4,enet,1.0,0.5514705882352942,0.9746691733089087,0.7195767195767195
L4,enet,1.0,0.5441176470588235,0.9746691733089087,0.7195767195767195
L4,enet,1.0,0.5367647058823529,0.9746691733089087,0.7195767195767195
L4,enet,1.0,0.5294117647058824,0.9746691733089087,0.7195767195767195
L4,enet,1.0,0.5220588235294118,0.9746691733089087,0.7195767195767195
L4,enet,1.0,0.5147058823529411,0.9746691733089087,0.7195767195767195
L4,enet,1.0,0.5073529411764706,0.9746691733089087,0.7195767195767195
L4,enet,1.0,0.5,0.9746691733089087,0.7195767195767195
L4,enet,1.0,0.49264705882352944,0.9746691733089087,0.7195767195767195
L4,enet,1.0,0.4852941176470588,0.9746691733089087,0.7195767195767195
L4,enet,1.0,0.47794117647058826,0.9746691733089087,0.7195767195767195
L4,enet,1.0,0.47058823529411764,0.9746691733089087,0.7195767195767195
L4,enet,1.0,0.4632352941176471,0.9746691733089087,0.7195767195767195
L4,enet,1.0,0.45588235294117646,0.9746691733089087,0.7195767195767195
L4,enet,1.0,0.4485294117647059,0.9746691733089087,0.7195767195767195
L4,enet,1.0,0.4411764705882353,0.9746691733089087,0.7195767195767195
L4,enet,1.0,0.4338235294117647,0.9746691733089087,0.7195767195767195
L4,enet,1.0,0.4264705882352941,0.9746691733089087,0.7195767195767195
L4,enet,1.0,0.41911764705882354,0.9746691733089087,0.7195767195767195
L4,enet,1.0,0.4117647058823529,0.9746691733089087,0.7195767195767195
L4,enet,1.0,0.40441176470588236,0.9746691733089087,0.7195767195767195
L4,enet,1.0,0.39705882352941174,0.9746691733089087,0.7195767195767195
L4,enet,1.0,0.3897058823529412,0.9746691733089087,0.7195767195767195
L4,enet,1.0,0.38235294117647056,0.9746691733089087,0.7195767195767195
L4,enet,1.0,0.375,0.9746691733089087,0.7195767195767195
L4,enet,1.0,0.36764705882352944,0.9746691733089087,0.7195767195767195
L4,enet,1.0,0.3602941176470588,0.9746691733089087,0.7195767195767195
L4,enet,1.0,0.35294117647058826,0.9746691733089087,0.7195767195767195
L4,enet,1.0,0.34558823529411764,0.9746691733089087,0.7195767195767195
L4,enet,1.0,0.3382352941176471,0.9746691733089087,0.7195767195767195
L4,enet,1.0,0.33088235294117646,0.9746691733089087,0.7195767195767195
L4,enet,1.0,0.3235294117647059,0.9746691733089087,0.7195767195767195
L4,enet,1.0,0.3161764705882353,0.9746691733089087,0.7195767195767195
L4,enet,1.0,0.3088235294117647,0.9746691733089087,0.7195767195767195
L4,enet,1.0,0.3014705882352941,0.9746691733089087,0.7195767195767195
L4,enet,1.0,0.29411764705882354,0.9746691733089087,0.7195767195767195
L4,enet,1.0,0.2867647058823529,0.9746691733089087,0.7195767195767195
L4,enet,1.0,0.27941176470588236,0.9746691733089087,0.7195767195767195
L4,enet,1.0,0.27205882352941174,0.9746691733089087,0.7195767195767195
L4,enet,1.0,0.2647058823529412,0.9746691733089087,0.7195767195767195
L4,enet,1.0,0.25735294117647056,0.9746691733089087,0.7195767195767195
L4,enet,1.0,0.25,0.9746691733089087,0.7195767195767195
L4,enet,1.0,0.2426470588235294,0.9746691733089087,0.7195767195767195
L4,enet,1.0,0.23529411764705882,0.9746691733089087,0.7195767195767195
L4,enet,1.0,0.22794117647058823,0.9746691733089087,0.7195767195767195
L4,enet,1.0,0.22058823529411764,0.9746691733089087,0.7195767195767195
L4,enet,1.0,0.21323529411764705,0.9746691733089087,0.7195767195767195
L4,enet,1.0,0.20588235294117646,0.9746691733089087,0.7195767195767195
L4,enet,1.0,0.19852941176470587,0.9746691733089087,0.7195767195767195
L4,enet,1.0,0.19117647058823528,0.9746691733089087,0.7195767195767195
L4,enet,1.0,0.18382352941176472,0.9746691733089087,0.7195767195767195
L4,enet,1.0,0.17647058823529413,0.9746691733089087,0.7195767195767195
L4,enet,1.0,0.16911764705882354,0.9746691733089087,0.7195767195767195
L4,enet,1.0,0.16176470588235295,0.9746691733089087,0.7195767195767195
L4,enet,1.0,0.15441176470588236,0.9746691733089087,0.7195767195767195
L4,enet,1.0,0.14705882352941177,0.9746691733089087,0.7195767195767195
L4,enet,1.0,0.13970588235294118,0.9746691733089087,0.7195767195767195
L4,enet,1.0,0.1323529411764706,0.9746691733089087,0.7195767195767195
L4,enet,1.0,0.125,0.9746691733089087,0.7195767195767195
L4,enet,1.0,0.11764705882352941,0.9746691733089087,0.7195767195767195
L4,enet,1.0,0.11029411764705882,0.9746691733089087,0.7195767195767195
L4,enet,1.0,0.10294117647058823,0.9746691733089087,0.7195767195767195
L4,enet,1.0,0.09558823529411764,0.9746691733089087,0.7195767195767195
L4,enet,1.0,0.08823529411764706,0.9746691733089087,0.7195767195767195
L4,enet,1.0,0.08088235294117647,0.9746691733089087,0.7195767195767195
L4,enet,1.0,0.07352941176470588,0.9746691733089087,0.7195767195767195
L4,enet,1.0,0.0661764705882353,0.9746691733089087,0.7195767195767195
L4,enet,1.0,0.058823529411764705,0.9746691733089087,0.7195767195767195
L4,enet,1.0,0.051470588235294115,0.9746691733089087,0.7195767195767195
L4,enet,1.0,0.04411764705882353,0.9746691733089087,0.7195767195767195
L4,enet,1.0,0.03676470588235294,0.9746691733089087,0.7195767195767195
L4,enet,1.0,0.029411764705882353,0.9746691733089087,0.7195767195767195
L4,enet,1.0,0.022058823529411766,0.9746691733089087,0.7195767195767195
L4,enet,1.0,0.014705882352941176,0.9746691733089087,0.7195767195767195
L4,enet,1.0,0.007352941176470588,0.9746691733089087,0.7195767195767195
L4,enet,1.0,0.0,0.9746691733089087,0.7195767195767195
